name;grande_comando;estado;pais;
SERIPA I;CENIPA;PA;BRASIL;
COMARA;COMGAP SP;PA;BRASIL;
DT-INFRA BE;COMGAP SP;PA;BRASIL;
ES-AK;COMGEP;MA;BRASIL;
ETRB;COMGEP;PA;BRASIL;
HABE;COMGEP;PA;BRASIL;
SEREP-BE;COMGEP;PA;BRASIL;
1 ETA;COMPREP;PA;BRASIL;
3/7 GAV;COMPREP;PA;BRASIL;
ALA 9;COMPREP;PA;BRASIL;
BABE;COMPREP;PA;BRASIL;
BINFAE BE;COMPREP;PA;BRASIL;
GSD-BE;COMPREP;PA;BRASIL;
I COMAR;COMPREP;PA;BRASIL;
CLA;DCTA;MA;BRASIL;
DTCEA-AA;DECEA;PA;BRASIL;
DTCEA-BE;DECEA;PA;BRASIL;
DTCEA-CC;DECEA;PA;BRASIL;
DTCEA-EK;DECEA;PA;BRASIL;
DTCEA-FX;DECEA;PA;BRASIL;
DTCEA-IZ;DECEA;MA;BRASIL;
DTCEA-MQ;DECEA;AP;BRASIL;
DTCEA-SL;DECEA;MA;BRASIL;
DTCEA-SN;DECEA;PA;BRASIL;
8 CJM;GABAER;PA;BRASIL;
GAP AK;SEFA;MA;BRASIL;
GAP BE;SEFA;PA;BRASIL;
PAAK;SEFA;MA;BRASIL;
PABE;SEFA;PA;BRASIL;
1VF/PA;-;PA;BRASIL;
2VF/PA;-;PA;BRASIL;
ECE;-;MA;BRASIL;
SERIPA II;CENIPA;PE;BRASIL;
CO-NT;COMGAP SP;RN;BRASIL;
DT-INFRA NT;COMGAP SP;RN;BRASIL;
DT-INFRA RF;COMGAP SP;PE;BRASIL;
NUPAMA RF;COMGAP SP;PE;BRASIL;
PAMA RF;COMGAP SP;PE;BRASIL;
ES-FZ;COMGEP;CE;BRASIL;
ES-NT;COMGEP;RN;BRASIL;
ES-SV;COMGEP;BA;BRASIL;
HARF;COMGEP;PE;BRASIL;
OARF;COMGEP;PE;BRASIL;
SEREP-RF;COMGEP;PE;BRASIL;
1/5 GAV;COMPREP;RN;BRASIL;
1/8 GAV NT;COMPREP;RN;BRASIL;
1/11 GAV;COMPREP;RN;BRASIL;
2 ETA;COMPREP;RN;BRASIL;
2/5 GAV;COMPREP;RN;BRASIL;
ALA 10;COMPREP;RN;BRASIL;
BANT;COMPREP;RN;BRASIL;
CMS;COMPREP;BA;BRASIL;
DEF PUB BA;COMPREP;BA;BRASIL;
EIE;COMPREP;PE;BRASIL;
GITE;COMPREP;RN;BRASIL;
I FAE;COMPREP;RN;BRASIL;
CLBI;DCTA;RN;BRASIL;
3/1 GCC;DECEA;RN;BRASIL;
BARF;DECEA;PE;BRASIL;
BINFAE RF;DECEA;PE;BRASIL;
CINDACTA III;DECEA;PE;BRASIL;
DTCEA-AR;DECEA;SE;BRASIL;
DTCEA-FN;DECEA;PE;BRASIL;
DTCEA-FZ;DECEA;CE;BRASIL;
DTCEA-LP;DECEA;BA;BRASIL;
DTCEA-MO;DECEA;AL;BRASIL;
DTCEA-NT;DECEA;RN;BRASIL;
DTCEA-PL;DECEA;PE;BRASIL;
DTCEA-PS;DECEA;BA;BRASIL;
DTCEA-RF;DECEA;PE;BRASIL;
DTCEA-SV;DECEA;BA;BRASIL;
GSD-RF;DECEA;PE;BRASIL;
II COMAR;DECEA;PE;BRASIL;
AUD/7¶CJM/RF;EMAER;PE;BRASIL;
6 CJM;GABAER;BA;BRASIL;
7 CJM;GABAER;PE;BRASIL;
10 CJM;GABAER;CE;BRASIL;
1/7 GAV;SEFA;BA;BRASIL;
BAFZ;SEFA;CE;BRASIL;
BASV;SEFA;BA;BRASIL;
GAP FZ;SEFA;CE;BRASIL;
GAP NT;SEFA;RN;BRASIL;
GAP RF;SEFA;PE;BRASIL;
GAP SV;SEFA;BA;BRASIL;
PANT;SEFA;RN;BRASIL;
PARF;SEFA;PE;BRASIL;
PASV;SEFA;BA;BRASIL;
8VF/CE;-;CE;BRASIL;
10VF/CE;-;CE;BRASIL;
10VF/PE;-;PE;BRASIL;
12VF/CE;-;CE;BRASIL;
12VF/PE;-;PE;BRASIL;
AUD/10CJM;-;CE;BRASIL;
CASSAS;-;BA;BRASIL;
CMFZ;-;CE;BRASIL;
CMRF;-;PE;BRASIL;
TRF5REGIAO;-;PE;BRASIL;
ASOCEA;ASOCEA;RJ;BRASIL;
SERIPA III;CENIPA;RJ;BRASIL;
COPE-S;COMAE;RJ;BRASIL;
CEPE;COMGAP SP;RJ;BRASIL;
COMFIREM/C-130H;COMGAP SP;-;ITµLIA;
COMGAP;COMGAP SP;RJ;BRASIL;
CTLA;COMGAP SP;RJ;BRASIL;
DIRENG;COMGAP SP;RJ;BRASIL;
DT-INFRA RJ;COMGAP SP;RJ;BRASIL;
DTI RJ;COMGAP SP;RJ;BRASIL;
PAMA AF;COMGAP SP;RJ;BRASIL;
PAMA GL;COMGAP SP;RJ;BRASIL;
PAMA LS;COMGAP SP;MG;BRASIL;
PAMB RJ;COMGAP SP;RJ;BRASIL;
BINFAE AF;COMGEP;RJ;BRASIL;
CBNB;COMGEP;RJ;BRASIL;
CDA;COMGEP;RJ;BRASIL;
CEMAL;COMGEP;RJ;BRASIL;
CENDOC;COMGEP;RJ;BRASIL;
CFIAE;COMGEP;RJ;BRASIL;
CGABEG;COMGEP;RJ;BRASIL;
CIAAR;COMGEP;MG;BRASIL;
CID/JID;COMGEP;-;ESTADOS UNIDOS;
CMRJ;COMGEP;RJ;BRASIL;
DIRAP;COMGEP;RJ;BRASIL;
DIRSA;COMGEP;RJ;BRASIL;
EAOAR;COMGEP;RJ;BRASIL;
ECEMAR;COMGEP;RJ;BRASIL;
EPCAR;COMGEP;MG;BRASIL;
ES-BQ;COMGEP;MG;BRASIL;
ES-LS;COMGEP;MG;BRASIL;
ES-SC;COMGEP;RJ;BRASIL;
GAPS;COMGEP;RJ;BRASIL;
GSD-AF;COMGEP;RJ;BRASIL;
HAAF;COMGEP;RJ;BRASIL;
HCA;COMGEP;RJ;BRASIL;
HFAG;COMGEP;RJ;BRASIL;
IMAE;COMGEP;RJ;BRASIL;
IPA;COMGEP;RJ;BRASIL;
LAQFA;COMGEP;RJ;BRASIL;
OASD;COMGEP;RJ;BRASIL;
OM_AUX;COMGEP;RJ;BRASIL;
PIPAR-INAT;COMGEP;RJ;BRASIL;
SEGECAE;COMGEP;RJ;BRASIL;
SEREP-RJ;COMGEP;RJ;BRASIL;
UNIFA;COMGEP;RJ;BRASIL;
1 GAVCA;COMPREP;RJ;BRASIL;
1 GTT;COMPREP;RJ;BRASIL;
1/1 GT;COMPREP;RJ;BRASIL;
1/2 GT;COMPREP;RJ;BRASIL;
1/7 GAV RJ;COMPREP;RJ;BRASIL;
2/2 GT;COMPREP;RJ;BRASIL;
3 ETA;COMPREP;RJ;BRASIL;
3/8 GAV;COMPREP;RJ;BRASIL;
ALA 11;COMPREP;RJ;BRASIL;
ALA 12;COMPREP;RJ;BRASIL;
BAGL;COMPREP;RJ;BRASIL;
BASC;COMPREP;RJ;BRASIL;
BINFAE GL;COMPREP;RJ;BRASIL;
BINFAE RJ;COMPREP;RJ;BRASIL;
GSD-GL;COMPREP;RJ;BRASIL;
GSD-RJ;COMPREP;RJ;BRASIL;
STGM;COMPREP;RJ;BRASIL;
GAC-PAC_SCP-HB;DCTA;MG;BRASIL;
1 GCC;DECEA;RJ;BRASIL;
1/1 GCC;DECEA;RJ;BRASIL;
CGNA;DECEA;RJ;BRASIL;
CIMAER;DECEA;RJ;BRASIL;
CISCEA;DECEA;RJ;BRASIL;
COMF CISCE;DECEA;RJ;BRASIL;
COMF SIVAM;DECEA;RJ;BRASIL;
DECEA;DECEA;RJ;BRASIL;
DTCEA-AF;DECEA;RJ;BRASIL;
DTCEA-BQ;DECEA;MG;BRASIL;
DTCEA-CF;DECEA;MG;BRASIL;
DTCEA-GL;DECEA;RJ;BRASIL;
DTCEA-LS;DECEA;MG;BRASIL;
DTCEA-PCO;DECEA;RJ;BRASIL;
DTCEA-SC;DECEA;RJ;BRASIL;
DTCEA-STA;DECEA;ES;BRASIL;
DTCEA-TRM;DECEA;MG;BRASIL;
DTCEATM-RJ;DECEA;RJ;BRASIL;
GEIV;DECEA;RJ;BRASIL;
ICA;DECEA;RJ;BRASIL;
JJAER;DECEA;RJ;BRASIL;
PAME RJ;DECEA;RJ;BRASIL;
1 CJM;GABAER;RJ;BRASIL;
4 CJM;GABAER;MG;BRASIL;
GSI ER-RJO;GABAER;RJ;BRASIL;
SAGAB;GABAER;RJ;BRASIL;
INCAER;INCAER;RJ;BRASIL;
MUSAL;INCAER;RJ;BRASIL;
CECAFA MD;MDEFESA;RJ;BRASIL;
ESG;MDEFESA;RJ;BRASIL;
BAAF;SEFA;RJ;BRASIL;
CEAP;SEFA;RJ;BRASIL;
DCI;SEFA;RJ;BRASIL;
DIRAD;SEFA;RJ;BRASIL;
GAL;SEFA;RJ;BRASIL;
GALC;SEFA;RJ;BRASIL;
GAP AF;SEFA;RJ;BRASIL;
GAP BQ;SEFA;MG;BRASIL;
GAP GL;SEFA;RJ;BRASIL;
GAP LS;SEFA;MG;BRASIL;
GAP RJ;SEFA;RJ;BRASIL;
GAP SC;SEFA;RJ;BRASIL;
III COMAR;SEFA;RJ;BRASIL;
PAAF;SEFA;RJ;BRASIL;
PAGL;SEFA;RJ;BRASIL;
PALS;SEFA;MG;BRASIL;
PIPAR;SEFA;RJ;BRASIL;
1VF/RJ;-;RJ;BRASIL;
2VF/NITEROI;-;RJ;BRASIL;
2VF/RJ;-;RJ;BRASIL;
3VF/RJ;-;RJ;BRASIL;
5VF/RJ;-;RJ;BRASIL;
6¶AUD1¶CJM/RJ;-;RJ;BRASIL;
7VF/RJ;-;RJ;BRASIL;
8VF/RJ;-;RJ;BRASIL;
10VF/RJ;-;RJ;BRASIL;
12VF/RJ;-;RJ;BRASIL;
14VF/RJ;-;RJ;BRASIL;
15VF/RJ;-;RJ;BRASIL;
16VF/RJ;-;RJ;BRASIL;
17VF/RJ;-;RJ;BRASIL;
18VF/RJ;-;RJ;BRASIL;
20VF/RJ;-;RJ;BRASIL;
21VF/RJ;-;RJ;BRASIL;
23VF/RJ;-;RJ;BRASIL;
24VF/RJ;-;RJ;BRASIL;
26VF/RJ;-;RJ;BRASIL;
27VF/RJ;-;RJ;BRASIL;
28CI/RJ;-;RJ;BRASIL;
28VF/RJ;-;RJ;BRASIL;
30VF/RJ;-;RJ;BRASIL;
AUD/1 CJM;-;RJ;BRASIL;
AUD/4 CJM MG;-;MG;BRASIL;
CMBH;-;MG;BRASIL;
CMJF;-;MG;BRASIL;
CTAER RJ;-;RJ;BRASIL;
CURSO BR;-;RJ;BRASIL;
ECEME;-;RJ;BRASIL;
EGN;-;RJ;BRASIL;
ESCESP EXER;-;RJ;BRASIL;
GOV-RJ;-;RJ;BRASIL;
NVA-1;-;RJ;BRASIL;
SDPP;-;RJ;BRASIL;
TRF2REGIAO/RJ;-;RJ;BRASIL;
SERIPA IV;CENIPA;SP;BRASIL;
BASP;COMGAP SP;SP;BRASIL;
CCA SJ;COMGAP SP;SP;BRASIL;
CECAT;COMGAP SP;SP;BRASIL;
CELOG;COMGAP SP;SP;BRASIL;
CEPE SP;COMGAP SP;SP;BRASIL;
COMF MMR;COMGAP SP;SP;BRASIL;
COMGAP SP;COMGAP SP;SP;BRASIL;
COMREC-EMBRAER;COMGAP SP;SP;BRASIL;
DIRINFRA SP;COMGAP SP;SP;BRASIL;
DIRMAB;COMGAP SP;SP;BRASIL;
DT-INFRA SP;COMGAP SP;SP;BRASIL;
DTI;COMGAP SP;SP;BRASIL;
GSD-SP;COMGAP SP;SP;BRASIL;
ILA;COMGAP SP;SP;BRASIL;
IV COMAR;COMGAP SP;SP;BRASIL;
PAMA SP;COMGAP SP;SP;BRASIL;
2ESQDASAU HFASP;COMGEP;SP;BRASIL;
AFA;COMGEP;SP;BRASIL;
EEAR;COMGEP;SP;BRASIL;
ES-CG;COMGEP;MS;BRASIL;
ES-GW;COMGEP;SP;BRASIL;
ES-SJ;COMGEP;SP;BRASIL;
ES-YS;COMGEP;SP;BRASIL;
HFASP;COMGEP;SP;BRASIL;
SEREP-SP;COMGEP;SP;BRASIL;
1/15 GAV;COMPREP;MS;BRASIL;
2/10 GAV;COMPREP;MS;BRASIL;
3/3 GAV;COMPREP;MS;BRASIL;
ALA 5;COMPREP;MS;BRASIL;
BACG;COMPREP;MS;BRASIL;
CMCG;COMPREP;MS;BRASIL;
EAS;COMPREP;MS;BRASIL;
IAOP;COMPREP;SP;BRASIL;
CO-DCTA;DCTA;SP;BRASIL;
CPORAER SJ;DCTA;SP;BRASIL;
DCTA;DCTA;SP;BRASIL;
GAC-EMBRAER;DCTA;SP;BRASIL;
GAC-HB;DCTA;MG;BRASIL;
GAC-MECTRON;DCTA;SP;BRASIL;
GAC-PAC;DCTA;SP;BRASIL;
GAP SJ;DCTA;SP;BRASIL;
GIA SJ;DCTA;SP;BRASIL;
GSD-SJ;DCTA;SP;BRASIL;
IAE;DCTA;SP;BRASIL;
IEAV;DCTA;SP;BRASIL;
IFI;DCTA;SP;BRASIL;
IPEV;DCTA;SP;BRASIL;
ITA;DCTA;SP;BRASIL;
PASJ;DCTA;SP;BRASIL;
DTCEA-CG;DECEA;MS;BRASIL;
DTCEA-CR;DECEA;MS;BRASIL;
DTCEA-GW;DECEA;SP;BRASIL;
DTCEA-JGI;DECEA;MS;BRASIL;
DTCEA-MT;DECEA;SP;BRASIL;
DTCEA-SJ;DECEA;SP;BRASIL;
DTCEA-SP;DECEA;SP;BRASIL;
DTCEA-SRO;DECEA;SP;BRASIL;
DTCEA-ST;DECEA;SP;BRASIL;
DTCEA-TNB;DECEA;SP;BRASIL;
DTCEA-YS;DECEA;SP;BRASIL;
ICEA;DECEA;SP;BRASIL;
SRPV SP;DECEA;SP;BRASIL;
CCAFA;DEPENS;SP;BRASIL;
2 CJM;GABAER;SP;BRASIL;
9 CJM;GABAER;MS;BRASIL;
EDA;GABAER;SP;BRASIL;
GSI ER-SP;GABAER;SP;BRASIL;
BAST;SEFA;SP;BRASIL;
FAYS;SEFA;SP;BRASIL;
GAP CG;SEFA;MS;BRASIL;
GAP GW;SEFA;SP;BRASIL;
GAP SP;SEFA;SP;BRASIL;
GAP YS;SEFA;SP;BRASIL;
PACG;SEFA;MS;BRASIL;
PAGW;SEFA;SP;BRASIL;
PASP;SEFA;SP;BRASIL;
PAYS;SEFA;SP;BRASIL;
SASDAB-DIRAD;SEFA;SP;BRASIL;
1VF/GUARA;-;SP;BRASIL;
1VF/SAO CARLOS;-;SP;BRASIL;
1VF/SJC;-;SP;BRASIL;
3VF/SJC;-;SP;BRASIL;
14VF/SP;-;SP;BRASIL;
16VF/SP;-;SP;BRASIL;
ASPR SP;-;SP;BRASIL;
GAC-SAAB;-;-;SUêCIA;
INPE;-;SP;BRASIL;
TRF3REGIAO/SP;-;SP;BRASIL;
CCA RJ;COMGAP SP;RJ;BRASIL;
CAE;SEFA;RJ;BRASIL;
SERIPA V;CENIPA;RS;BRASIL;
DT-INFRA CO;COMGAP SP;RS;BRASIL;
3RM-SMR;COMGEP;RS;BRASIL;
ES-CT;COMGEP;PR;BRASIL;
ES-FL;COMGEP;SC;BRASIL;
ES-SM;COMGEP;RS;BRASIL;
HACO;COMGEP;RS;BRASIL;
SEREP-CO;COMGEP;RS;BRASIL;
1 GDAAE;COMPREP;RS;BRASIL;
1/10 GAV;COMPREP;RS;BRASIL;
1/12 GAV;COMPREP;RS;BRASIL;
1/14 GAV;COMPREP;RS;BRASIL;
2/7 GAV;COMPREP;RS;BRASIL;
3/10 GAV;COMPREP;RS;BRASIL;
5 ETA;COMPREP;RS;BRASIL;
5/8 GAV;COMPREP;RS;BRASIL;
ALA 3;COMPREP;RS;BRASIL;
ALA 4;COMPREP;RS;BRASIL;
BACO;COMPREP;RS;BRASIL;
BASM;COMPREP;RS;BRASIL;
BINFAE CO;COMPREP;RS;BRASIL;
CMPA;COMPREP;RS;BRASIL;
CMSM;COMPREP;RS;BRASIL;
GSD-CO;COMPREP;RS;BRASIL;
V COMAR;COMPREP;RS;BRASIL;
GAC PAC-SCP_SIS;DCTA;RS;BRASIL;
2/1 GCC;DECEA;RS;BRASIL;
4/1 GCC;DECEA;RS;BRASIL;
CINDACTA II;DECEA;PR;BRASIL;
DTCEA-BI;DECEA;PR;BRASIL;
DTCEA-CGU;DECEA;RS;BRASIL;
DTCEA-CO;DECEA;RS;BRASIL;
DTCEA-CT;DECEA;PR;BRASIL;
DTCEA-CTD;DECEA;PR;BRASIL;
DTCEA-FI;DECEA;PR;BRASIL;
DTCEA-FL;DECEA;SC;BRASIL;
DTCEA-MDI;DECEA;SC;BRASIL;
DTCEA-PA;DECEA;RS;BRASIL;
DTCEA-SM;DECEA;RS;BRASIL;
DTCEA-STI;DECEA;RS;BRASIL;
DTCEA-UG;DECEA;RS;BRASIL;
1¶AUD/3¶CJM/RS;EMAER;RS;BRASIL;
3 CJM;GABAER;RS;BRASIL;
5 CJM;GABAER;PR;BRASIL;
BAFL;SEFA;SC;BRASIL;
GAP CO;SEFA;RS;BRASIL;
GAP CT;SEFA;PR;BRASIL;
GAP SM;SEFA;RS;BRASIL;
PACO;SEFA;RS;BRASIL;
PACT;SEFA;PR;BRASIL;
PASM;SEFA;RS;BRASIL;
1VF/CANOAS;-;RS;BRASIL;
1VF/PR;-;PR;BRASIL;
1VF/SANTA MARIA;-;RS;BRASIL;
3VF/SM;-;RS;BRASIL;
9VF/PR;-;PR;BRASIL;
9VF/RS;-;RS;BRASIL;
AUD/5¶CJM/BL;-;SC;BRASIL;
CMCR;-;PR;BRASIL;
ASPAER;ASPAER;DF;BRASIL;
CECOMSAER;CECOMSAER;DF;BRASIL;
CENCIAR;CENCIAR;DF;BRASIL;
CENIPA;CENIPA;DF;BRASIL;
SERIPA VI;CENIPA;DF;BRASIL;
CIAER;CIAER;DF;BRASIL;
COMAE;COMAE;DF;BRASIL;
COPE-P;COMAE;DF;BRASIL;
CABE;COMGAP SP;OUTROS;REINO UNIDO;
CABW;COMGAP SP;-;ESTADOS UNIDOS;
CCA BR;COMGAP SP;DF;BRASIL;
CO-AN;COMGAP SP;GO;BRASIL;
DT-INFRA BR;COMGAP SP;DF;BRASIL;
GAC INFRA-AN;COMGAP SP;GO;BRASIL;
MTAB;COMGAP SP;-;PARAGUAI;
RECABI;COMGAP SP;-;ITµLIA;
COMGEP;COMGEP;DF;BRASIL;
DIRENS;COMGEP;DF;BRASIL;
ES-AN;COMGEP;GO;BRASIL;
HFAB;COMGEP;DF;BRASIL;
OABR;COMGEP;DF;BRASIL;
SEREP-BR;COMGEP;DF;BRASIL;
TRF1;COMGEP;DF;BRASIL;
1 BDAAE;COMPREP;DF;BRASIL;
1 GDA;COMPREP;GO;BRASIL;
1 GTT AN;COMPREP;GO;BRASIL;
1/6 GAV;COMPREP;GO;BRASIL;
2/6 GAV;COMPREP;GO;BRASIL;
3 GDAAE;COMPREP;GO;BRASIL;
6 ETA;COMPREP;DF;BRASIL;
ALA 1;COMPREP;DF;BRASIL;
ALA 2;COMPREP;GO;BRASIL;
BAAN;COMPREP;GO;BRASIL;
BABR;COMPREP;DF;BRASIL;
BINFAE BR;COMPREP;DF;BRASIL;
COMPREP;COMPREP;DF;BRASIL;
CPBV;COMPREP;DF;BRASIL;
CPBV;COMPREP;PA;BRASIL;
DESTAE-CC;COMPREP;PA;BRASIL;
GSD-BR;COMPREP;DF;BRASIL;
VI COMAR;COMPREP;DF;BRASIL;
CPO;CPO;DF;BRASIL;
CCISE;DCTA;DF;BRASIL;
COPAC;DCTA;DF;BRASIL;
CINDACTA I;DECEA;DF;BRASIL;
DTCEA-AN;DECEA;GO;BRASIL;
DTCEA-BR;DECEA;DF;BRASIL;
DTCEA-BW;DECEA;MT;BRASIL;
DTCEA-CY;DECEA;MT;BRASIL;
DTCEA-EP;DECEA;MT;BRASIL;
DTCEA-FA;DECEA;MT;BRASIL;
DTCEA-GA;DECEA;DF;BRASIL;
DTCEA-GI;DECEA;MT;BRASIL;
DTCEA-SI;DECEA;MT;BRASIL;
DTS;DECEA;DF;BRASIL;
AD AFR SUL;EMAER;-;µFRICA DO SUL;
AD ALEMANH;EMAER;-;ALEMANHA;
AD ARGENT;EMAER;-;ARGENTINA;
AD BOLIVIA;EMAER;-;BOL÷VIA;
AD CHILE;EMAER;-;CHILE;
AD CHINA;EMAER;-;CHINA;
AD COLOMB;EMAER;-;COL‚MBIA;
AD EEUU;EMAER;-;ESTADOS UNIDOS;
AD EQUADOR;EMAER;-;EQUADOR;
AD FRANCA;EMAER;-;FRANÄA;
AD INDONE;EMAER;-;INDONêSIA;
AD INGL;EMAER;-;REINO UNIDO;
AD ISRAEL;EMAER;OUTROS;EXTERIOR;
AD ITALIA;EMAER;-;ITµLIA;
AD PARAG;EMAER;-;PARAGUAI;
AD PERU;EMAER;-;PERU;
AD PORT;EMAER;-;PORTUGAL;
AD URUGUAI;EMAER;-;URUGUAI;
AD VENEZ;EMAER;-;VENEZUELA;
ADDEFNAVEXAERETIOPIA;EMAER;-;ETIOPIA;
ADIAER;EMAER;OUTROS;EXTERIOR;
ADIDEFNAVEXAERINDIA;EMAER;-;÷NDIA;
ADIDEFNAVEXAERLIBANO;EMAER;-;L÷BANO;
ADIDEFNEAINDIA;EMAER;-;÷NDIA;
ADIDEFSENEG;EMAER;-;SENEGAL;
ADIFA;EMAER;OUTROS;EXTERIOR;
ADIFA CHIN;EMAER;-;CHINA;
ADIFA ESP;EMAER;-;ESPANHA;
ADIFA RUSS;EMAER;-;RÈSSIA;
AGAFA;EMAER;-;EQUADOR;
CMA BOL;EMAER;-;BOL÷VIA;
EMAER;EMAER;DF;BRASIL;
MISSAO EXT;EMAER;OUTROS;EXTERIOR;
RBJID;EMFA;-;ESTADOS UNIDOS;
11 CJM;GABAER;DF;BRASIL;
AMVPR;GABAER;DF;BRASIL;
CMB;GABAER;DF;BRASIL;
COJAER;GABAER;DF;BRASIL;
COJAER;GABAER;RJ;BRASIL;
COMAER;GABAER;DF;BRASIL;
GABAER;GABAER;DF;BRASIL;
GABAER;GABAER;RJ;BRASIL;
GSIPR;GABAER;DF;BRASIL;
GTE;GABAER;DF;BRASIL;
MISSAO BR;GABAER;DF;BRASIL;
PRES REP;GABAER;DF;BRASIL;
STM;GABAER;DF;BRASIL;
STM-OF;GABAER;DF;BRASIL;
VIC-PRAER OF;GABAER;DF;BRASIL;
VIC-PRAER SGT;GABAER;DF;BRASIL;
COMDCIBER;MDEFESA;DF;BRASIL;
HFA;MDEFESA;DF;BRASIL;
MDEFESA;MDEFESA;DF;BRASIL;
ONU;MDEFESA;-;ESTADOS UNIDOS;
DIREF;SEFA;DF;BRASIL;
GAP AN;SEFA;GO;BRASIL;
GAP BR;SEFA;DF;BRASIL;
GAP DF;SEFA;DF;BRASIL;
PAAN;SEFA;GO;BRASIL;
PABR;SEFA;DF;BRASIL;
SEFA;SEFA;DF;BRASIL;
ADEXAEAL;-;OUTROS;EXTERIOR;
ADEXAEPR;-;-;PORTUGAL;
ADIDEFNAVEXAERSUECIA;-;OUTROS;REINO UNIDO;
ADIFA COLO;-;-;COL‚MBIA;
ADIFA IRAN;-;-;IRAQUE;
ADIFA ISRA;-;OUTROS;EXTERIOR;
ADIFA IUGO;-;-;IUGOSLµVIA;
ADIFA MEXI;-;-;MêXICO;
CASSAB;-;DF;BRASIL;
CCPR;-;DF;BRASIL;
COMEXER;-;DF;BRASIL;
GAC-AFS;-;-;µFRICA DO SUL;
GAC-CASA;-;-;ESPANHA;
OACI;-;-;CANADµ;
STM/DF;-;DF;BRASIL;
SERIPA VII;CENIPA;AM;BRASIL;
COMARA-DACO TT;COMGAP SP;AM;BRASIL;
DACO MN;COMGAP SP;AM;BRASIL;
DACO UA;COMGAP SP;AM;BRASIL;
DT-INFRA MN;COMGAP SP;AM;BRASIL;
ES-BV;COMGEP;RR;BRASIL;
ES-PV;COMGEP;RO;BRASIL;
HAMN;COMGEP;AM;BRASIL;
SEREP-MN;COMGEP;AM;BRASIL;
1/3 GAV;COMPREP;RR;BRASIL;
1/4 GAV;COMPREP;AM;BRASIL;
1/9 GAV;COMPREP;AM;BRASIL;
2 GDAAE;COMPREP;AM;BRASIL;
2/3 GAV;COMPREP;RO;BRASIL;
2/8 GAV;COMPREP;RO;BRASIL;
7 ETA;COMPREP;AM;BRASIL;
7/8 GAV;COMPREP;AM;BRASIL;
ALA 6;COMPREP;RO;BRASIL;
ALA 7;COMPREP;RR;BRASIL;
ALA 8;COMPREP;AM;BRASIL;
BABV;COMPREP;RR;BRASIL;
BAMN;COMPREP;AM;BRASIL;
BAPV;COMPREP;RO;BRASIL;
BINFAE MN;COMPREP;AM;BRASIL;
DSM-MN;COMPREP;AM;BRASIL;
DSTAEEI;COMPREP;AM;BRASIL;
DSTAEUA;COMPREP;AM;BRASIL;
DSTAEVH;COMPREP;RO;BRASIL;
GSD-MN;COMPREP;AM;BRASIL;
VII COMAR;COMPREP;AM;BRASIL;
5/1 GCC;DECEA;RO;BRASIL;
CINDACTA IV;DECEA;AM;BRASIL;
DTCEA-BV;DECEA;RR;BRASIL;
DTCEA-CZ;DECEA;AC;BRASIL;
DTCEA-EG;DECEA;AM;BRASIL;
DTCEA-EI;DECEA;AM;BRASIL;
DTCEA-GM;DECEA;RO;BRASIL;
DTCEA-MN;DECEA;AM;BRASIL;
DTCEA-MY;DECEA;AM;BRASIL;
DTCEA-PV;DECEA;RO;BRASIL;
DTCEA-RB;DECEA;AC;BRASIL;
DTCEA-TF;DECEA;AM;BRASIL;
DTCEA-TT;DECEA;AM;BRASIL;
DTCEA-UA;DECEA;AM;BRASIL;
DTCEA-VH;DECEA;RO;BRASIL;
12 CJM;GABAER;AM;BRASIL;
GAP BV;SEFA;RR;BRASIL;
GAP MN;SEFA;AM;BRASIL;
GAP PV;SEFA;RO;BRASIL;
PAMN;SEFA;AM;BRASIL;
AUD/4 CJM;-;AM;BRASIL;
CMM;-;AM;BRASIL;
A PER CHBIB 9E10;A PER CHBIB 9E10;AM;BRASIL;
ABCTA-CTBA MENS;ABCTA-CTBA MENS;PE;BRASIL;
ABRA - PAT;ABRA - PAT;SC;BRASIL;
ABRA-CAT MENS;ABRA-CAT MENS;RJ;BRASIL;
ABRA-PC;ABRA-PC;RJ;BRASIL;
ABRA-SAR;ABRA-SAR;AL;BRASIL;
AGIA MENS;AGIA MENS;BA;BRASIL;
ALBATROZ MENS;ALBATROZ MENS;RJ;BRASIL;
AM PNR SOSGT BQ;AM PNR SOSGT BQ;PE;BRASIL;
AMBRA;AMBRA;PE;BRASIL;
AMEAVITA;AMEAVITA;DF;BRASIL;
AMRAER;AMRAER;RJ;BRASIL;
ANAPCON MENS;ANAPCON MENS;RN;BRASIL;
ANAPI;ANAPI;RJ;BRASIL;
APCH AEROPORTO;APCH AEROPORTO;AM;BRASIL;
APEAB;APEAB;MG;BRASIL;
APVMRN;APVMRN;RJ;BRASIL;
ARFAMIL MENS;ARFAMIL MENS;BA;BRASIL;
ASB AF;ASB AF;RJ;BRASIL;
ASBAPI MENS;ASBAPI MENS;DF;BRASIL;
ASMIPIR MENS;ASMIPIR MENS;PR;BRASIL;
ASMIR PE MENS;ASMIR PE MENS;RJ;BRASIL;
ASS ANIST POLITICOS;ASS ANIST POLITICOS;RJ;BRASIL;
ASS BL I SQN204;ASS BL I SQN204;RS;BRASIL;
ASS BL J SQN108;ASS BL J SQN108;MG;BRASIL;
ASS ORD ALTANEI;ASS ORD ALTANEI;DF;BRASIL;
ASS PER APCHBIB;ASS PER APCHBIB;DF;BRASIL;
ASS PER BLOCO A;ASS PER BLOCO A;DF;BRASIL;
ASS PER IVO GAST;ASS PER IVO GAST;PE;BRASIL;
ASS PERM ASPEVI;ASS PERM ASPEVI;PE;BRASIL;
ASS PERMI 14BIS;ASS PERMI 14BIS;RJ;BRASIL;
ASS PERMI ASPCA;ASS PERMI ASPCA;SP;BRASIL;
ASS PERMI ASWXL;ASS PERMI ASWXL;CE;BRASIL;
ASS PERMI HCV;ASS PERMI HCV;CE;BRASIL;
ASS PERMI VMA;ASS PERMI VMA;MG;BRASIL;
ASS SERV CV AER;ASS SERV CV AER;RJ;BRASIL;
ASS SERV CV BR;ASS SERV CV BR;RJ;BRASIL;
ASS SO SGT EPCAR;ASS SO SGT EPCAR;SP;BRASIL;
ASSAF B25;ASSAF B25;PE;BRASIL;
ASSATA MENS;ASSATA MENS;RJ;BRASIL;
BANCO INTER SA;BANCO INTER SA;SP;BRASIL;
BANEX AF;BANEX AF;CE;BRASIL;
BC MORADA/ACRUX;BC MORADA/ACRUX;RJ;BRASIL;
BCO ABC AF;BCO ABC AF;RJ;BRASIL;
BCO ALFA AF;BCO ALFA AF;RJ;BRASIL;
BCO ARBI AF;BCO ARBI AF;RJ;BRASIL;
BCO BBM AF;BCO BBM AF;RJ;BRASIL;
BCO BMC AF;BCO BMC AF;RJ;BRASIL;
BCO BMG AF;BCO BMG AF;RJ;BRASIL;
BCO BONSUCESSO AF;BCO BONSUCESSO AF;RJ;BRASIL;
BCO BRADESCO AF;BCO BRADESCO AF;RJ;BRASIL;
BCO BRASIL AF;BCO BRASIL AF;RJ;BRASIL;
BCO BVA AF;BCO BVA AF;SP;BRASIL;
BCO CACIQUE AF;BCO CACIQUE AF;SP;BRASIL;
BCO CEDULA AF;BCO CEDULA AF;RJ;BRASIL;
BCO CR2 AF;BCO CR2 AF;RJ;BRASIL;
BCO CRUZ SUL AF;BCO CRUZ SUL AF;SP;BRASIL;
BCO DAYCOVAL AF;BCO DAYCOVAL AF;RJ;BRASIL;
BCO FIBRA AF;BCO FIBRA AF;SP;BRASIL;
BCO FICSA AF;BCO FICSA AF;RJ;BRASIL;
BCO GE CAPITAL AF;BCO GE CAPITAL AF;SP;BRASIL;
BCO GE CART CRED;BCO GE CART CRED;RJ;BRASIL;
BCO GERADOR;BCO GERADOR;RJ;BRASIL;
BCO HSBC AF;BCO HSBC AF;PR;BRASIL;
BCO INDUSTRIAL AF;BCO INDUSTRIAL AF;RJ;BRASIL;
BCO ITAU AF;BCO ITAU AF;SP;BRASIL;
BCO ITAU-UNIBANCO AF;BCO ITAU-UNIBANCO AF;MG;BRASIL;
BCO MAXIMA AF;BCO MAXIMA AF;GO;BRASIL;
BCO MERCANTIL AF;BCO MERCANTIL AF;RJ;BRASIL;
BCO ORIGINAL AF;BCO ORIGINAL AF;SP;BRASIL;
BCO PARANµ AF;BCO PARANµ AF;RJ;BRASIL;
BCO PECUNIA AF;BCO PECUNIA AF;MG;BRASIL;
BCO PINE AF;BCO PINE AF;RJ;BRASIL;
BCO RURAL AF;BCO RURAL AF;RJ;BRASIL;
BCO SAFRA AF;BCO SAFRA AF;RJ;BRASIL;
BCO SANTANDER AF;BCO SANTANDER AF;RJ;BRASIL;
BCO SCHAHIN AF;BCO SCHAHIN AF;RJ;BRASIL;
BCO SEMEAR AF;BCO SEMEAR AF;RJ;BRASIL;
BCO SOFISA AF;BCO SOFISA AF;RJ;BRASIL;
BV FIN AF;BV FIN AF;RJ;BRASIL;
C S S G A F;C S S G A F;RS;BRASIL;
C SGT B MENSAL;C SGT B MENSAL;PE;BRASIL;
C TAIF AER;C TAIF AER;SP;BRASIL;
CAPEMISA S/A;CAPEMISA S/A;RJ;BRASIL;
CAPEMISA SA;CAPEMISA SA;SP;BRASIL;
CARAVANA MENS;CARAVANA MENS;PE;BRASIL;
CAS SOSGT SP;CAS SOSGT SP;SC;BRASIL;
CASCASTA;CASCASTA;RJ;BRASIL;
CASSAZUM;CASSAZUM;DF;BRASIL;
CATALINA MENS;CATALINA MENS;DF;BRASIL;
CCB BRASIL;CCB BRASIL;MG;BRASIL;
CEF AF;CEF AF;RJ;BRASIL;
CEN SOCIAL PELICANO;CEN SOCIAL PELICANO;MG;BRASIL;
CETELEM;CETELEM;RJ;BRASIL;
CIAER AGINT-MA;CIAER;MA;BRASIL;
CIAER AGINT-SP;CIAER;SP;BRASIL;
CLUBE AER;CLUBE AER;RJ;BRASIL;
CLUBE AER BR;CLUBE AER BR;CE;BRASIL;
CLUBE DAS µGUIAS;CLUBE DAS µGUIAS;SP;BRASIL;
CLUBE MILITAR;CLUBE MILITAR;RJ;BRASIL;
CLUBE SOSGT AER;CLUBE SOSGT AER;RJ;BRASIL;
COGA;COGA;RJ;BRASIL;
COGAL;COGAL;RJ;BRASIL;
COMGAP AAL_SJ;COMGAP SP;SP;BRASIL;
COMPREV;COMPREV;RJ;BRASIL;
COSAE-SICOOB;COSAE-SICOOB;SC;BRASIL;
CQCTAN MENS;CQCTAN MENS;PE;BRASIL;
CS ALBATROZ MENS;CS ALBATROZ MENS;SC;BRASIL;
CSSGL;CSSGL;RJ;BRASIL;
MTAB-BOLIVIA;EMAER;-;BOL÷VIA;
EQUATORIAL PREV;EQUATORIAL PREV;RJ;BRASIL;
FIN EXPRINTER AF;FIN EXPRINTER AF;RJ;BRASIL;
FIN OBOE AF;FIN OBOE AF;SP;BRASIL;
FIN PREVCAIXA AF;FIN PREVCAIXA AF;RJ;BRASIL;
GBOEX;GBOEX;RS;BRASIL;
GSGS AF;GSGS AF;RS;BRASIL;
LECCA FIN AF;LECCA FIN AF;RJ;BRASIL;
LEG VET GUER BR;LEG VET GUER BR;RJ;BRASIL;
ESG-BR;MDEFESA;DF;BRASIL;
MENS AMIGOS T1;MENS AMIGOS T1;RJ;BRASIL;
MENS APRAF;MENS APRAF;MG;BRASIL;
MENS ASA BRANCA;MENS ASA BRANCA;SP;BRASIL;
MENS ASSGAPA;MENS ASSGAPA;MG;BRASIL;
MENS COEP;MENS COEP;SC;BRASIL;
MENS ESQ FUMACA;MENS ESQ FUMACA;RJ;BRASIL;
MITRA ORD MIL;MITRA ORD MIL;RS;BRASIL;
NINHO DAS µGUIAS MEN;NINHO DAS µGUIAS MEN;PE;BRASIL;
OLE CONSIGNADO;OLE CONSIGNADO;RS;BRASIL;
PRESTAÄ«O DE ALUGUEL;PRESTAÄ«O DE ALUGUEL;RS;BRASIL;
PREVBRAS PREV AF;PREVBRAS PREV AF;RJ;BRASIL;
PREVICORP PREV AF;PREVICORP PREV AF;RJ;BRASIL;
QUALIVIDA;QUALIVIDA;PE;BRASIL;
SICOOB NOSSACOOP;SICOOB NOSSACOOP;AL;BRASIL;
U BENEF SSGT FA;U BENEF SSGT FA;RN;BRASIL;
UBS-5;UBS-5;RJ;BRASIL;
VIVER PREV;VIVER PREV;RJ;BRASIL;
1  VECT;-;AM;BRASIL;
1 AUD/ 2 CJM;-;SP;BRASIL;
1 AUD/3 CJM;-;RS;BRASIL;
1 DEPOL;-;SP;BRASIL;
1 DP;-;SP;BRASIL;
1 DP CIV;-;RN;BRASIL;
1 DP CIV RN;-;RN;BRASIL;
1 DP GO;-;GO;BRASIL;
1 DPRCCM;-;PE;BRASIL;
1 DVJVDFCM;-;PA;BRASIL;
1 JEC;-;PE;BRASIL;
1 JECRIM SG;-;RJ;BRASIL;
1 JECRIMBV;-;RR;BRASIL;
1 JVDFCM;-;DF;BRASIL;
1 V;-;PE;BRASIL;
1 VAM;-;RO;BRASIL;
1 VC;-;MG;BRASIL;
1 VC FL;-;SC;BRASIL;
1 VC GO;-;GO;BRASIL;
1 VC MN;-;AM;BRASIL;
1 VC RJ;-;RJ;BRASIL;
1 VC RO;-;RO;BRASIL;
1 VC SM;-;RS;BRASIL;
1 VC SP;-;SP;BRASIL;
1 VC SP.;-;SP;BRASIL;
1 VC/PA;-;PA;BRASIL;
1 VC/RN;-;RN;BRASIL;
1 VCCN;-;RJ;BRASIL;
1 VCCP;-;SP;BRASIL;
1 VCRJ;-;RJ;BRASIL;
1 VCSJM;-;RJ;BRASIL;
1 VDT;-;RO;BRASIL;
1 VDT BC;-;SP;BRASIL;
1 VECCDCA;-;AM;BRASIL;
1 VECT;-;AM;BRASIL;
1 VF/DF;-;DF;BRASIL;
1 VF/RN;-;RN;BRASIL;
1 VF/SP;-;SP;BRASIL;
1 VFAC;-;AC;BRASIL;
1 VFC;-;RJ;BRASIL;
1 VJFDPCC;-;SP;BRASIL;
1/2 CJM;-;SP;BRASIL;
1/VF S«O PEDRO DA AL;-;RJ;BRASIL;
1¶ JEF;-;RJ;BRASIL;
1¶ VC;-;PE;BRASIL;
1¶ VC GO;-;GO;BRASIL;
1¶ VC/BH;-;MG;BRASIL;
1¶ VC/JVDF;-;SP;BRASIL;
1¶ VC/MG;-;MG;BRASIL;
1¶ VCCSF/BA;-;BA;BRASIL;
1¶ VJPC;-;BA;BRASIL;
1¶ VTJCG/MS;-;MS;BRASIL;
1¶/2¶ CJM;-;SP;BRASIL;
1¶/2¶CJM;-;SP;BRASIL;
1¶AUD/1¶CJM/RJ;-;RJ;BRASIL;
1¶AUD/2¶CJM;-;RJ;BRASIL;
1¶AUD/2¶CJM/SP;-;SP;BRASIL;
1¶VCCA;-;SP;BRASIL;
1¶VCCEJB/DF;-;DF;BRASIL;
1¶VCCN;-;RJ;BRASIL;
1¶VCPCA/PA;-;PA;BRASIL;
1¶VJL/SP;-;SP;BRASIL;
1JECCJG/PE;-;PE;BRASIL;
1JEF;-;RJ;BRASIL;
1JEF/DF;-;DF;BRASIL;
1JEF/GUARULHOS;-;SP;BRASIL;
1JEF/MG;-;MG;BRASIL;
1JEF/RJ;-;RJ;BRASIL;
1JEF/V.REDONDA;-;RJ;BRASIL;
1JVDF;-;RJ;BRASIL;
1ß DP/MN;-;AM;BRASIL;
1ß JEC/RJ;-;RJ;BRASIL;
1ß JECC;-;DF;BRASIL;
1ß JECRIM;-;RJ;BRASIL;
1ß JVD;-;RR;BRASIL;
1ß VJCP/SP;-;SP;BRASIL;
1ßDPSR/RS;-;RS;BRASIL;
1ßJECRIM;-;RN;BRASIL;
1ßVF/ANGRA DOS REIS;-;RJ;BRASIL;
1ßVF/BLUMENAU;-;SC;BRASIL;
1ßVF/CG;-;MS;BRASIL;
1ßVF/JEF;-;MG;BRASIL;
1ßVF/MAGê;-;RJ;BRASIL;
1ßVF/PIRACICABA;-;SP;BRASIL;
1ßVF/PORTO ALEGRE;-;RS;BRASIL;
1ßVF/RESENDE;-;RJ;BRASIL;
1ßVF/RS;-;RS;BRASIL;
1TURMA REC;-;RJ;BRASIL;
1VC;-;RS;BRASIL;
1VC/BQ;-;MG;BRASIL;
1VC/CO;-;RS;BRASIL;
1VC/MA;-;MA;BRASIL;
1VC/SJM;-;RJ;BRASIL;
1VCCJG;-;PE;BRASIL;
1VCIJ;-;MG;BRASIL;
1VF;-;GO;BRASIL;
1VF/AM;-;AM;BRASIL;
1VF/BA;-;BA;BRASIL;
1VF/CE;-;CE;BRASIL;
1VF/CORUMBµ;-;MS;BRASIL;
1VF/CRICIÈMA;-;SC;BRASIL;
1VF/DC;-;RJ;BRASIL;
1VF/DF;-;DF;BRASIL;
1VF/DIVINOPOLIS;-;MG;BRASIL;
1VF/ES;-;ES;BRASIL;
1VF/FLORIA;-;SC;BRASIL;
1VF/FOZDOIGUAÄU;-;PR;BRASIL;
1VF/GO;-;GO;BRASIL;
1VF/ITAB;-;RJ;BRASIL;
1VF/JFORA;-;MG;BRASIL;
1VF/LAGES;-;SC;BRASIL;
1VF/MA;-;MA;BRASIL;
1VF/MACAê;-;RJ;BRASIL;
1VF/MG;-;MG;BRASIL;
1VF/MS;-;MS;BRASIL;
1VF/MT;-;MT;BRASIL;
1VF/NH;-;RS;BRASIL;
1VF/NI;-;RJ;BRASIL;
1VF/NITEROI;-;RJ;BRASIL;
1VF/PB;-;PB;BRASIL;
1VF/PE;-;PE;BRASIL;
1VF/PELOTAS;-;RS;BRASIL;
1VF/RN;-;RN;BRASIL;
1VF/RO;-;RO;BRASIL;
1VF/RR;-;RR;BRASIL;
1VF/RS;-;RS;BRASIL;
1VF/SANTARêM;-;PA;BRASIL;
1VF/SANTOS;-;SP;BRASIL;
1VF/SBC;-;SP;BRASIL;
1VF/SC;-;SC;BRASIL;
1VF/SJBV;-;SP;BRASIL;
1VF/SJMERITI;-;RJ;BRASIL;
1VF/SOROCABA;-;SP;BRASIL;
1VF/SP;-;SP;BRASIL;
1VF/TAUB;-;SP;BRASIL;
1VF/TERE;-;RJ;BRASIL;
01VFSG;-;RJ;BRASIL;
2 AUD/2 CJM;-;SP;BRASIL;
2 DEAM;-;CE;BRASIL;
2 JEC RF;-;PE;BRASIL;
2 JECRIM;-;RJ;BRASIL;
2 TURMA REC;-;RJ;BRASIL;
2 TURMA REC/RJ;-;RJ;BRASIL;
2 VC;-;PE;BRASIL;
2 VC BANGU/RJ;-;RJ;BRASIL;
2 VC MAD RJ;-;RJ;BRASIL;
2 VC MG;-;MG;BRASIL;
2 VC NI;-;RJ;BRASIL;
2 VC RJ;-;RJ;BRASIL;
2 VC SC;-;SC;BRASIL;
2 VC SP;-;SP;BRASIL;
2 VC/CE;-;CE;BRASIL;
2 VC/FRSC;-;RJ;BRASIL;
2 VC/MG;-;MG;BRASIL;
2 VC/RJ;-;RJ;BRASIL;
2 VCCE;-;CE;BRASIL;
2 VCDI;-;PA;BRASIL;
2 VCJEM;-;MA;BRASIL;
2 VF;-;SP;BRASIL;
2 VF/AL;-;AL;BRASIL;
2 VF/DF;-;DF;BRASIL;
2 VF/PE;-;PE;BRASIL;
2 VF/RN;-;RN;BRASIL;
2 VJ;-;PE;BRASIL;
2/1 CJM;-;RJ;BRASIL;
2¶ AUD/3¶ CJM;-;PR;BRASIL;
2¶ DSDP/CE;-;CE;BRASIL;
2¶ PIP/RJ;-;RJ;BRASIL;
2¶ VC;-;RS;BRASIL;
2¶ VC / DF;-;DF;BRASIL;
2¶ VC/DF;-;DF;BRASIL;
2¶ VC/MG;-;MG;BRASIL;
2¶ VCC-SR;-;RS;BRASIL;
2¶ VCCCA;-;PA;BRASIL;
2¶ VCCGM/RO;-;RO;BRASIL;
2¶ VCCPV-RO;-;RO;BRASIL;
2¶ VCCSM;-;RS;BRASIL;
2¶ VCFG;-;SP;BRASIL;
2¶ VCSG/RJ;-;RJ;BRASIL;
2¶ VDFCM/PE;-;PE;BRASIL;
2¶ VP/DF;-;DF;BRASIL;
2¶/2¶CJM/SP;-;SP;BRASIL;
2¶AUD/2¶CJM;-;SP;BRASIL;
2¶VC;-;PA;BRASIL;
2¶VC/BA;-;BA;BRASIL;
2¶VCA/SP;-;SP;BRASIL;
2¶VF/PIRACICABA;-;SP;BRASIL;
2¶VFPP/MS;-;MS;BRASIL;
2¶VJP/SP;-;SP;BRASIL;
2JEF;-;RJ;BRASIL;
2JEF/CE;-;CE;BRASIL;
2JEF/MG;-;MG;BRASIL;
2JEF/PR;-;PR;BRASIL;
2JEF/RJ;-;RJ;BRASIL;
2ß DP/SP;-;SP;BRASIL;
2ß DPSBC;-;SP;BRASIL;
2ß JEF/RJ;-;RJ;BRASIL;
2ß JEVD;-;AM;BRASIL;
2ß JEVD/RJ;-;RJ;BRASIL;
2ß JIJ/PV;-;RO;BRASIL;
2ß JVDFCM/BR;-;DF;BRASIL;
2ß VC DF;-;DF;BRASIL;
2ß VC FOS;-;DF;BRASIL;
2ß VF;-;RN;BRASIL;
2OJECRIM/RJ;-;RJ;BRASIL;
2ßVF/MS;-;MS;BRASIL;
2VC;-;SP;BRASIL;
2VC/DF;-;DF;BRASIL;
2VC/RF;-;PE;BRASIL;
2VCZSN/RN;-;RN;BRASIL;
2VF;-;AM;BRASIL;
2VF / SP;-;SP;BRASIL;
2VF/AM;-;AM;BRASIL;
2VF/ARARAQUARA;-;SP;BRASIL;
2VF/BA;-;BA;BRASIL;
2VF/CANOAS;-;RS;BRASIL;
2VF/CE;-;CE;BRASIL;
2VF/CRICIÈMA;-;SC;BRASIL;
2VF/DF;-;DF;BRASIL;
2VF/DUQUE DE CAXIAS;-;RJ;BRASIL;
2VF/ES;-;ES;BRASIL;
2VF/FLORIA;-;SC;BRASIL;
2VF/GO;-;GO;BRASIL;
2VF/JFORA;-;MG;BRASIL;
2VF/LUZIANIA;-;GO;BRASIL;
2VF/MG;-;MG;BRASIL;
2VF/MS;-;MS;BRASIL;
2VF/MT;-;MT;BRASIL;
2VF/NOVA IGUAÄU;-;RJ;BRASIL;
2VF/PE;-;PE;BRASIL;
2VF/PELOTAS;-;RS;BRASIL;
2VF/PET;-;RJ;BRASIL;
2VF/PI;-;PI;BRASIL;
2VF/PR;-;PR;BRASIL;
2VF/RN;-;RN;BRASIL;
2VF/RO;-;RO;BRASIL;
2VF/RPRETO;-;SP;BRASIL;
2VF/RR;-;RR;BRASIL;
2VF/RS;-;RS;BRASIL;
2VF/SANTOS;-;SP;BRASIL;
2VF/SAO CARLOS;-;SP;BRASIL;
2VF/SAO GONÄALO;-;RJ;BRASIL;
2VF/S«O PEDRO DA ALD;-;RJ;BRASIL;
2VF/SC;-;SC;BRASIL;
2VF/SE;-;SE;BRASIL;
2VF/SG;-;RJ;BRASIL;
2VF/SG RJ;-;RJ;BRASIL;
2VF/SJC;-;SP;BRASIL;
2VF/SJMERITI;-;RJ;BRASIL;
2VF/SM;-;RS;BRASIL;
2VF/SP;-;SP;BRASIL;
2VF/UMUARAMA;-;PR;BRASIL;
2VFC;-;RJ;BRASIL;
2VP/PA;-;PA;BRASIL;
2VVDFCM;-;PA;BRASIL;
3 AUD/3 CJM;-;RS;BRASIL;
3 JECRIM PE;-;PE;BRASIL;
3 V JUDICIAL;-;SP;BRASIL;
3 VC;-;PE;BRASIL;
3 VC AP;-;AP;BRASIL;
3 VC JG;-;PE;BRASIL;
3 VC PV;-;RO;BRASIL;
3 VC RJ;-;RJ;BRASIL;
3 VC RS;-;RS;BRASIL;
3 VC TAGDF;-;DF;BRASIL;
3 VCAN/GO;-;GO;BRASIL;
3 VCCJG;-;PE;BRASIL;
3 VCDC/RJ;-;RJ;BRASIL;
3 VCFG;-;SP;BRASIL;
3 VF / PA;-;PA;BRASIL;
3 VF/CE;-;CE;BRASIL;
3 VJIJ;-;SP;BRASIL;
3 VPBE;-;PA;BRASIL;
3¶ DP/DF;-;DF;BRASIL;
3¶ DP/SP;-;SP;BRASIL;
3¶ VC;-;SP;BRASIL;
3¶ VC MS;-;MS;BRASIL;
3¶ VC/RS;-;RS;BRASIL;
3¶ VC/TJAM;-;AM;BRASIL;
3¶ VCC/PE;-;PE;BRASIL;
3¶ VFT/VR;-;RJ;BRASIL;
3¶ VRCBV;-;RR;BRASIL;
3¶ VVDFCM;-;PE;BRASIL;
3¶/1¶ CJM;-;RJ;BRASIL;
3¶AUD/1¶CJM;-;GO;BRASIL;
3¶AUD/1¶CJM/RJ;-;RJ;BRASIL;
3AUD/3CJM;-;RS;BRASIL;
3¶VCD/PA;-;PA;BRASIL;
3¶VFC/PR;-;PR;BRASIL;
3¶VJP/SP;-;SP;BRASIL;
3¶VJRP/SP;-;SP;BRASIL;
3¶VJVDFM;-;PA;BRASIL;
3JEF/MG;-;MG;BRASIL;
3JEF/RJ;-;RJ;BRASIL;
3ß DIP;-;AM;BRASIL;
3ß JVDFCM-DF;-;DF;BRASIL;
3ßVF/CG;-;MS;BRASIL;
3VCDI;-;PA;BRASIL;
3VCT/BR;-;DF;BRASIL;
3VF;-;RJ;BRASIL;
3VF/AM;-;AM;BRASIL;
3VF/BA;-;BA;BRASIL;
3VF/BLUMENAU;-;SC;BRASIL;
3VF/CE;-;CE;BRASIL;
3VF/CURITIBA;-;PR;BRASIL;
3VF/DC;-;RJ;BRASIL;
3VF/DF;-;DF;BRASIL;
3VF/ES;-;ES;BRASIL;
3VF/FLORIA;-;SC;BRASIL;
3VF/GO;-;GO;BRASIL;
3VF/JFORA;-;MG;BRASIL;
3VF/MA;-;MA;BRASIL;
3VF/MG;-;MG;BRASIL;
3VF/MS;-;MS;BRASIL;
3VF/NITEROI;-;RJ;BRASIL;
3VF/PA;-;PA;BRASIL;
3VF/PB;-;PB;BRASIL;
3VF/PE;-;PE;BRASIL;
3VF/POA;-;RS;BRASIL;
3VF/PR;-;PR;BRASIL;
3VF/RN;-;RN;BRASIL;
3VF/RO;-;RO;BRASIL;
3VF/RR;-;RR;BRASIL;
3VF/RS;-;RS;BRASIL;
3VF/SC;-;SC;BRASIL;
3VF/SG;-;RJ;BRASIL;
3VF/SJMERITI;-;RJ;BRASIL;
3VF/SJRPRETO;-;SP;BRASIL;
3VF/SP;-;SP;BRASIL;
3VF/UBERL∂;-;MG;BRASIL;
3VFF/RN;-;RN;BRASIL;
4 DISE SUL;-;SP;BRASIL;
4 DP PE;-;PE;BRASIL;
4 PRET CRI;-;PA;BRASIL;
4 PRET CRIM;-;PA;BRASIL;
4 VC;-;RS;BRASIL;
4 VC CE;-;CE;BRASIL;
4 VC/RS;-;RS;BRASIL;
4 VCBR;-;DF;BRASIL;
4 VF/CE;-;CE;BRASIL;
4 VF/PR;-;PR;BRASIL;
4¶ DP/DF;-;DF;BRASIL;
4¶ DPDF;-;DF;BRASIL;
4¶ VC/DF;-;DF;BRASIL;
4¶ VC/PA;-;PA;BRASIL;
4¶ VC/SP;-;SP;BRASIL;
4¶ VCCBH;-;MG;BRASIL;
4¶ VFC/RJ;-;RJ;BRASIL;
4¶AUD/1¶CJM;-;RJ;BRASIL;
4¶AUD/1¶CJM/RJ;-;RJ;BRASIL;
4¶CJM;-;MG;BRASIL;
4¶CJM/JF;-;MG;BRASIL;
4¶VC/RR;-;MA;BRASIL;
4¶VCCN;-;RJ;BRASIL;
4¶VCTR;-;RJ;BRASIL;
4¶VF;-;SP;BRASIL;
4JEF/AC;-;AC;BRASIL;
4JEF/RJ;-;RJ;BRASIL;
4ßJECCC;-;RJ;BRASIL;
4ßVF/CG;-;MS;BRASIL;
4ßVF/SANTOS;-;SP;BRASIL;
4VC/SP;-;SP;BRASIL;
4VF;-;GO;BRASIL;
4VF/AL;-;AL;BRASIL;
4VF/AM;-;AM;BRASIL;
4VF/BA;-;BA;BRASIL;
4VF/CANOAS;-;RS;BRASIL;
4VF/CE;-;CE;BRASIL;
4VF/DF;-;DF;BRASIL;
4VF/ES;-;ES;BRASIL;
4VF/FLORIA;-;SC;BRASIL;
4VF/GO;-;GO;BRASIL;
4VF/MS;-;MS;BRASIL;
4VF/NITEROI;-;RJ;BRASIL;
4VF/PA;-;PA;BRASIL;
4VF/PE;-;PE;BRASIL;
4VF/PR;-;PR;BRASIL;
4VF/RJ;-;RJ;BRASIL;
4VF/RN;-;RN;BRASIL;
4VF/RR;-;RR;BRASIL;
4VF/RS;-;RS;BRASIL;
4VF/SC;-;SC;BRASIL;
4VF/SJC;-;SP;BRASIL;
4VF/SJMERITI;-;RJ;BRASIL;
4VF/SP;-;SP;BRASIL;
4VFPE;-;PE;BRASIL;
5 DP;-;RJ;BRASIL;
5 DP RJ;-;RJ;BRASIL;
5 TJ;-;SP;BRASIL;
5 VC;-;RJ;BRASIL;
5 VC BA;-;BA;BRASIL;
5 VC SP;-;SP;BRASIL;
5 VC/RJ;-;RJ;BRASIL;
5 VC/SP;-;SP;BRASIL;
5 VF/DF;-;DF;BRASIL;
5¶ DP;-;PR;BRASIL;
5¶ VC;-;SP;BRASIL;
5¶ VC RN;-;RN;BRASIL;
5¶VC;-;DF;BRASIL;
5¶VF/CUIABµ;-;MT;BRASIL;
5¶VF/PI;-;PI;BRASIL;
5¶VFP-DF;-;DF;BRASIL;
5JEC;-;RJ;BRASIL;
5JEF/RJ;-;RJ;BRASIL;
5ß DP;-;CE;BRASIL;
5ß VCC;-;SC;BRASIL;
5ßJVD/RJ;-;RJ;BRASIL;
5VF/BA;-;BA;BRASIL;
5VF/CE;-;CE;BRASIL;
5VF/DF;-;DF;BRASIL;
5VF/ES;-;ES;BRASIL;
5VF/FLORIA;-;SC;BRASIL;
5VF/GUARUL;-;SP;BRASIL;
5VF/MA;-;MA;BRASIL;
5VF/MG;-;MG;BRASIL;
5VF/PA;-;PA;BRASIL;
5VF/PE;-;PE;BRASIL;
5VF/PR;-;PR;BRASIL;
5VF/RN;-;RN;BRASIL;
5VF/RS;-;RS;BRASIL;
5VF/SC;-;SC;BRASIL;
5VF/SE;-;SE;BRASIL;
5VF/SJMERITI;-;RJ;BRASIL;
5VF/SP;-;SP;BRASIL;
6 VC/TJERR;-;RR;BRASIL;
6¶ VC/SP;-;SP;BRASIL;
6¶ VCCBH;-;MG;BRASIL;
6¶VF/CAMPINAS;-;SP;BRASIL;
6JEF/MS;-;MS;BRASIL;
6ßVF/RJ;-;RJ;BRASIL;
6VF/AM;-;AM;BRASIL;
6VF/BA;-;BA;BRASIL;
6VF/CE;-;CE;BRASIL;
6VF/CEARA;-;CE;BRASIL;
6VF/DF;-;DF;BRASIL;
6VF/FLORIA;-;SC;BRASIL;
6VF/GO;-;GO;BRASIL;
6VF/GUARUL;-;SP;BRASIL;
6VF/MA;-;MA;BRASIL;
6VF/MG;-;MG;BRASIL;
6VF/PE;-;PE;BRASIL;
6VF/PR;-;PR;BRASIL;
6VF/RJ;-;RJ;BRASIL;
6VF/RS;-;RS;BRASIL;
6VF/SC;-;SC;BRASIL;
6VF/SJMERITI;-;RJ;BRASIL;
6VF/SP;-;SP;BRASIL;
6VJEF;-;MT;BRASIL;
7 VC DF;-;DF;BRASIL;
7 VC/RN;-;RN;BRASIL;
7 VF/CE;-;CE;BRASIL;
7/VF;-;DF;BRASIL;
7¶ DTRV;-;BA;BRASIL;
7¶ VCC/PE;-;PE;BRASIL;
7JEF/MA;-;MA;BRASIL;
7VF/AL;-;AL;BRASIL;
7VF/BA;-;BA;BRASIL;
7VF/CANOAS;-;RS;BRASIL;
7VF/CE;-;CE;BRASIL;
7VF/DF;-;DF;BRASIL;
7VF/GO;-;GO;BRASIL;
7VF/MG;-;MG;BRASIL;
7VF/PE;-;PE;BRASIL;
7VF/PR;-;PR;BRASIL;
7VF/RN;-;RN;BRASIL;
7VF/RS;-;RS;BRASIL;
7VF/SP;-;SP;BRASIL;
7VFC/BA;-;BA;BRASIL;
8 VF/DF;-;DF;BRASIL;
8/CJM;-;RR;BRASIL;
8¶ CJM;-;AM;BRASIL;
8¶ VC;-;PR;BRASIL;
8¶CJM;-;PA;BRASIL;
8¶VF/BH;-;MG;BRASIL;
8JEF/PA;-;PA;BRASIL;
8ß DPB/SP;-;SP;BRASIL;
8VC/FZ;-;CE;BRASIL;
8VF/BA;-;BA;BRASIL;
8VF/DF;-;DF;BRASIL;
8VF/FLORIA;-;SC;BRASIL;
8VF/GO;-;GO;BRASIL;
8VF/MG;-;MG;BRASIL;
8VF/MT;-;MT;BRASIL;
8VF/NITER‡I;-;RJ;BRASIL;
8VF/PB;-;PB;BRASIL;
8VF/PE;-;PE;BRASIL;
8VF/POA;-;RS;BRASIL;
8VF/PR;-;PR;BRASIL;
8VF/RS;-;RS;BRASIL;
8VF/SP;-;SP;BRASIL;
8VFC;-;RJ;BRASIL;
9 VCPA;-;PA;BRASIL;
9 VF/DF;-;DF;BRASIL;
9/VF SJAM;-;AM;BRASIL;
9¶VF/PE;-;PE;BRASIL;
9VF/AL;-;AL;BRASIL;
9VF/BA;-;BA;BRASIL;
9VF/DF;-;DF;BRASIL;
9VF/GO;-;GO;BRASIL;
9VF/PE;-;PE;BRASIL;
9VF/RJ;-;RJ;BRASIL;
9VF/SP;-;SP;BRASIL;
10 DP;-;RN;BRASIL;
10 JEC/RJ;-;RJ;BRASIL;
10 JECRIM;-;CE;BRASIL;
10 JECRIM/CE;-;CE;BRASIL;
10 VC;-;AM;BRASIL;
10 VCSP;-;SP;BRASIL;
10¶ VC;-;RN;BRASIL;
10¶ VCB;-;PA;BRASIL;
10¶ VCB/CE;-;CE;BRASIL;
10¶JECRIM;-;MG;BRASIL;
10DP;-;RJ;BRASIL;
10ß VC/RS;-;RS;BRASIL;
10VF/BA;-;BA;BRASIL;
10VF/MG;-;MG;BRASIL;
10VF/RN;-;RN;BRASIL;
10VF/RS;-;RS;BRASIL;
10VF/SP;-;SP;BRASIL;
11 CJM RO;-;RO;BRASIL;
11 CJM/DF;-;DF;BRASIL;
11 VC PE;-;PE;BRASIL;
11/VC/FCCRM/CRT;-;PR;BRASIL;
11¶ CJM;-;GO;BRASIL;
11¶ VC/AM;-;AM;BRASIL;
11¶ VC/RJ;-;RJ;BRASIL;
11VARA JEF;-;PA;BRASIL;
11VF/BA;-;BA;BRASIL;
11VF/CE;-;CE;BRASIL;
11VF/MG;-;MG;BRASIL;
11VF/PR;-;PR;BRASIL;
11VF/RJ;-;RJ;BRASIL;
11VF/RS;-;RS;BRASIL;
11VF/SP;-;SP;BRASIL;
12 VFED;-;BR;BRASIL;
12¶ CJM;-;AM;BRASIL;
12¶ CJM/RO;-;RO;BRASIL;
12¶ DPDF;-;DF;BRASIL;
12¶ DT/SV;-;BA;BRASIL;
12VF/BA;-;BA;BRASIL;
12VF/DF;-;DF;BRASIL;
12VF/MG;-;MG;BRASIL;
12VF/RS;-;RS;BRASIL;
12VF/SP;-;SP;BRASIL;
12VJEF;-;PA;BRASIL;
13 DP;-;SP;BRASIL;
13 DP SP;-;SP;BRASIL;
13 JEC/CE;-;CE;BRASIL;
13 VF/DF;-;DF;BRASIL;
13¶ JECRIM/AM;-;AM;BRASIL;
13¶ VC/FZ;-;CE;BRASIL;
13¶ VJEC/AM;-;AM;BRASIL;
13VF/AL;-;AL;BRASIL;
13VF/BA;-;BA;BRASIL;
13VF/DF;-;DF;BRASIL;
13VF/MA;-;MA;BRASIL;
13VF/MG;-;MG;BRASIL;
13VF/PE;-;PE;BRASIL;
13VF/SP;-;SP;BRASIL;
14 DP;-;AM;BRASIL;
14 VC;-;CE;BRASIL;
14 VF/DF;-;DF;BRASIL;
14 VF/MG;-;MG;BRASIL;
14¶ CDC;-;SP;BRASIL;
14¶ DP/DF;-;DF;BRASIL;
14¶ DPG/DF;-;DF;BRASIL;
14¶ VC/FCCBF;-;SP;BRASIL;
14¶ VF;-;PR;BRASIL;
14VF/BA;-;BA;BRASIL;
14VF/CE;-;CE;BRASIL;
14VF/DF;-;DF;BRASIL;
14VF/MG;-;MG;BRASIL;
14VF/PE;-;PE;BRASIL;
14VF/RS;-;RS;BRASIL;
15 DP;-;PE;BRASIL;
15 DP DF;-;DF;BRASIL;
15 DP PE;-;PE;BRASIL;
15 VF/DF;-;DF;BRASIL;
15¶ VC;-;CE;BRASIL;
15JECRIM/AM;-;AM;BRASIL;
15JEF/BA;-;BA;BRASIL;
15VF/DF;-;DF;BRASIL;
15VF/MG;-;MG;BRASIL;
15VF/PE;-;PE;BRASIL;
15VF/SP;-;SP;BRASIL;
16 DP;-;RJ;BRASIL;
16ß JECRIM;-;RJ;BRASIL;
16VF/BA;-;BA;BRASIL;
16VF/DF;-;DF;BRASIL;
16VF/MG;-;MG;BRASIL;
17 VF/DF;-;DF;BRASIL;
17¶ DP;-;RJ;BRASIL;
17ß JECRIM;-;RJ;BRASIL;
17VF;-;SP;BRASIL;
17VF/DF;-;DF;BRASIL;
17VF/MG;-;MG;BRASIL;
17VF/PE;-;PE;BRASIL;
17VF/SP;-;SP;BRASIL;
18 VC;-;SP;BRASIL;
18¶ DP;-;DF;BRASIL;
18VF/MG;-;MG;BRASIL;
18VF/SP;-;SP;BRASIL;
19¶ SJSP/SP;-;SP;BRASIL;
19¶VF/PE;-;PE;BRASIL;
19ß DP-AM;-;AM;BRASIL;
19VF/MG;-;MG;BRASIL;
19VF/RJ;-;RJ;BRASIL;
19VF/SP;-;SP;BRASIL;
20 VF/DF;-;DF;BRASIL;
20VF/DF;-;DF;BRASIL;
20VF/MG;-;MG;BRASIL;
20VF/SP;-;SP;BRASIL;
21 DP/DF;-;DF;BRASIL;
21 VF/MG;-;MG;BRASIL;
21¶ DP/RJ;-;RJ;BRASIL;
21ß VF/CE;-;CE;BRASIL;
21VF/CE;-;CE;BRASIL;
21VF/DF;-;DF;BRASIL;
21VF/MG;-;MG;BRASIL;
21VF/PE;-;PE;BRASIL;
21VF/SP;-;SP;BRASIL;
22¶VF/RJ;-;RJ;BRASIL;
22VF/DF;-;DF;BRASIL;
22VF/MG;-;MG;BRASIL;
22VF/RJ;-;RJ;BRASIL;
22VF/SP;-;SP;BRASIL;
23 VC;-;RJ;BRASIL;
23¶ CP/DC;-;PE;BRASIL;
23¶ VC/RJ;-;RJ;BRASIL;
23¶JEF/BA;-;BA;BRASIL;
23VF/DF;-;DF;BRASIL;
23VF/SP;-;SP;BRASIL;
23VP/PA;-;PA;BRASIL;
24 DP;-;RJ;BRASIL;
24 DP MG;-;MG;BRASIL;
24 DRSP;-;MG;BRASIL;
24 JEF/DF;-;DF;BRASIL;
24VF/SP;-;SP;BRASIL;
25¶ JECRIM;-;CE;BRASIL;
25¶DP/RJ;-;RJ;BRASIL;
25¶VF/RJ;-;RJ;BRASIL;
25JEF;-;DF;BRASIL;
25VF/SP;-;SP;BRASIL;
26¶VF/POA;-;RS;BRASIL;
26VF/DF;-;DF;BRASIL;
26VF/SP;-;SP;BRASIL;
27VC/RJ;-;RJ;BRASIL;
27VF/DF;-;DF;BRASIL;
28 VC/RJ;-;RJ;BRASIL;
28JEF/MG;-;MG;BRASIL;
29 VF/RJ;-;RJ;BRASIL;
29VF;-;PE;BRASIL;
29VF/RJ;-;RJ;BRASIL;
30 DP;-;CE;BRASIL;
30JEF/MG;-;MG;BRASIL;
30VF/MG;-;MG;BRASIL;
30VF/PE;-;PE;BRASIL;
31 VCRJ;-;RJ;BRASIL;
31¶ DP/RJ;-;RJ;BRASIL;
31JEF/MG;-;MG;BRASIL;
32VF/RJ;-;RJ;BRASIL;
33V/JEF;-;MG;BRASIL;
34 DP;-;RJ;BRASIL;
34 DP RJ;-;RJ;BRASIL;
34 VC;-;RJ;BRASIL;
34ß DP/CE;-;CE;BRASIL;
35 DP;-;RJ;BRASIL;
35¶ VCRJ;-;RJ;BRASIL;
36¶/VCCCTJ/RJ;-;RJ;BRASIL;
37¶DP;-;RJ;BRASIL;
39 DP;-;RJ;BRASIL;
41 DP;-;RJ;BRASIL;
41 VC/RJ;-;RJ;BRASIL;
43¶ VC/RJ;-;RJ;BRASIL;
46¶ CJ/SJ;-;SP;BRASIL;
51 DP;-;RJ;BRASIL;
53 DP MESQUITA;-;RJ;BRASIL;
53ß DPPC/SP;-;SP;BRASIL;
56¶DP;-;RJ;BRASIL;
62¶ DP/RJ;-;RJ;BRASIL;
74¶ DP/RJ;-;RJ;BRASIL;
125DP;-;RJ;BRASIL;
125DP-SPA;-;RJ;BRASIL;
126¶DP/RJ;-;RJ;BRASIL;
ABAM;-;RJ;BRASIL;
ANAC;-;BR;BRASIL;
ASPR FL;-;SC;BRASIL;
AUD 8 CJM;-;MA;BRASIL;
AUD/ 2 CJM;-;RN;BRASIL;
AUD/ 2 CJM.;-;RN;BRASIL;
AUD/4¶CJM;-;DF;BRASIL;
AUD/5¶CJM;-;PR;BRASIL;
AUD/6CJM;-;BA;BRASIL;
AUD/7 CJM MS;-;MS;BRASIL;
AUD/7CJM;-;RN;BRASIL;
AUD/7CJM DF;-;DF;BRASIL;
AUD/7CJM RS;-;RS;BRASIL;
AUD/8 CJM;-;MA;BRASIL;
AUD/9 CJM;-;RN;BRASIL;
AUD/9 CJM MT;-;MT;BRASIL;
AUD/10CJM RJ;-;RJ;BRASIL;
AUD/11CJM;-;DF;BRASIL;
AUD/11CJM BR;-;BR;BRASIL;
AUD/11CJM DF;-;DF;BRASIL;
AUD/12 CJM;-;PA;BRASIL;
AUD/12CJM;-;RR;BRASIL;
BIBLIEX;-;RJ;BRASIL;
BRLIOFF;-;OUTROS;EXTERIOR;
CA-BR;-;OUTROS;EXTERIOR;
CA-RJ;-;OUTROS;EXTERIOR;
CCTAB;-;OUTROS;EXTERIOR;
CDCIBER;-;RJ;BRASIL;
CFSB;-;PA;BRASIL;
CJU/RS;-;SP;BRASIL;
CP/MG;-;MG;BRASIL;
CP/RJ;-;RJ;BRASIL;
CSSA NT;-;OUTROS;EXTERIOR;
CSSA RJ;-;OUTROS;EXTERIOR;
CSSA SP;-;OUTROS;EXTERIOR;
CT/BA;-;BA;BRASIL;
CURSO EXT;-;OUTROS;EXTERIOR;
DCF;-;RR;BRASIL;
DCPV/RO;-;RO;BRASIL;
DEACA;-;MS;BRASIL;
DEAM;-;DF;BRASIL;
DEAM-BV;-;RR;BRASIL;
DEAM/CE;-;CE;BRASIL;
DEAM/RN;-;RN;BRASIL;
DEAM/SP;-;SP;BRASIL;
DEAPTI;-;RJ;BRASIL;
DEAT;-;AM;BRASIL;
DECCM;-;AM;BRASIL;
DECON;-;GO;BRASIL;
DEL./TR∂NS;-;MG;BRASIL;
DIFLAG;-;RO;BRASIL;
DMA/SJP;-;PR;BRASIL;
DP;-;RS;BRASIL;
DPCA;-;DF;BRASIL;
DPCCG;-;RJ;BRASIL;
DPDML/SP;-;SP;BRASIL;
DPF/RJ;-;RJ;BRASIL;
DPFJF;-;MG;BRASIL;
DPFS/PE;-;PE;BRASIL;
DPJF/MG;-;MG;BRASIL;
DPPM;-;RS;BRASIL;
DPSECCIONAL;-;SP;BRASIL;
DRPCV;-;MG;BRASIL;
DTSM;-;RS;BRASIL;
ESEFEX;-;RJ;BRASIL;
ESSLOG;-;RJ;BRASIL;
FHE;-;DF;BRASIL;
I JECRIM;-;RJ;BRASIL;
II;-;RJ;BRASIL;
II JEC/RJ;-;RJ;BRASIL;
II JVD/CG-RJ;-;RJ;BRASIL;
III JECRIM;-;RJ;BRASIL;
ISAE;-;RJ;BRASIL;
IV JECRIM;-;PA;BRASIL;
IV JECRIM/PA;-;PA;BRASIL;
IV VC JF;-;PE;BRASIL;
IV VTJ;-;SP;BRASIL;
JCRIM/AM;-;AM;BRASIL;
JDCSPA;-;RJ;BRASIL;
JE/PE;-;PE;BRASIL;
JEC/SJP-PR;-;PR;BRASIL;
JECRIM;-;RJ;BRASIL;
JECRIM/DF;-;DF;BRASIL;
JECRIM/GUARµ;-;DF;BRASIL;
JECRIM/MACAê;-;RJ;BRASIL;
JECRIM/PR;-;PR;BRASIL;
JECRIM/RJ;-;RJ;BRASIL;
JECRIM/SC;-;SC;BRASIL;
JECRIM/SJC;-;SP;BRASIL;
JEF;-;SP;BRASIL;
JEF ADJ/SJDR;-;MG;BRASIL;
JEF/SAO CARLOS;-;SP;BRASIL;
JEF/SC;-;SC;BRASIL;
JEF/SP;-;SP;BRASIL;
JEFU/MG;-;MG;BRASIL;
JEVD;-;SC;BRASIL;
JF/TUBAR«O;-;SC;BRASIL;
JF4¶RG/CN;-;RS;BRASIL;
JVD;-;RS;BRASIL;
JVDCM;-;RN;BRASIL;
JVDCMPE;-;PE;BRASIL;
JVDFCM;-;DF;BRASIL;
JVDFCM/NT;-;RN;BRASIL;
JVDFCM/RN;-;RN;BRASIL;
JVDFCM/SG;-;RJ;BRASIL;
JVDFCMNI;-;RJ;BRASIL;
JVDFM/RO;-;RO;BRASIL;
OUTRAS;-;OUTROS;EXTERIOR;
PCRR;-;RR;BRASIL;
PF/CE;-;CE;BRASIL;
PJC/MT;-;MT;BRASIL;
PM/BA;-;BA;BRASIL;
SBFA;-;SP;BRASIL;
SPFC/PE;-;PE;BRASIL;
SR/DPF/PR;-;PR;BRASIL;
SSDCPC/PV;-;RO;BRASIL;
STF;-;DF;BRASIL;
STF/DF;-;DF;BRASIL;
STIMULU SENSE;-;BA;BRASIL;
STJ;-;DF;BRASIL;
STJ/DF;-;DF;BRASIL;
STM/BR;-;DF;BRASIL;
SUPC;-;PA;BRASIL;
TFR;-;DF;BRASIL;
TJ BE;-;PA;BRASIL;
TJ-RJ;-;RJ;BRASIL;
TJ/CE;-;CE;BRASIL;
TJ/MG;-;MG;BRASIL;
TJ/PR;-;PR;BRASIL;
TJ/RJ;-;RJ;BRASIL;
TJAM;-;AM;BRASIL;
TJAM/11VC;-;AM;BRASIL;
TJDFTDF;-;DF;BRASIL;
TJMG;-;MG;BRASIL;
TJMS;-;MS;BRASIL;
TJMT;-;MT;BRASIL;
TJRJ;-;RJ;BRASIL;
TJSP;-;SP;BRASIL;
TRF1REGIAO;-;DF;BRASIL;
TRF1REGIAO/AM;-;AM;BRASIL;
TRF4REGIAO/RS;-;RS;BRASIL;
TRF5REGIAO/PE;-;PE;BRASIL;
TRJ;-;RJ;BRASIL;
UNICA/SJDR;-;MG;BRASIL;
UNSC;-;MG;BRASIL;
V JECRIM;-;CE;BRASIL;
V. ÈNICA;-;GO;BRASIL;
VARA UNICA;-;BA;BRASIL;
VC;-;RS;BRASIL;
VC INDEF;-;BR;BRASIL;
VC JARAGUA;-;GO;BRASIL;
VC MADUREIRA;-;RJ;BRASIL;
VC PARNAMIRIM/RN;-;RN;BRASIL;
VCCAP;-;PE;BRASIL;
VCCCA;-;PA;BRASIL;
VCCT;-;AC;BRASIL;
VCIF;-;PR;BRASIL;
VCIJ/BA;-;BA;BRASIL;
VCPC/PA;-;PA;BRASIL;
VCSRR;-;RR;BRASIL;
VCTJ;-;DF;BRASIL;
VCTJAC;-;DF;BRASIL;
VDFCM;-;PE;BRASIL;
VDT/PV;-;RO;BRASIL;
VEC/MG;-;MG;BRASIL;
VEF-DF;-;DF;BRASIL;
VEMEPA;-;RR;BRASIL;
VEPA-PA;-;PA;BRASIL;
VEPAC/RF;-;PE;BRASIL;
VEPEMA;-;RO;BRASIL;
VEVDFCM;-;MA;BRASIL;
VF AMB;-;SC;BRASIL;
VF AMBIENTAL;-;PR;BRASIL;
VF C÷VEL E CRIMINAL;-;AC;BRASIL;
VFC DA SSJ;-;MG;BRASIL;
VFCC DA SSJ;-;BA;BRASIL;
VI JECRIM;-;PA;BRASIL;
VII JEC;-;RJ;BRASIL;
VIP;-;PR;BRASIL;
VPTJ;-;PE;BRASIL;
VPTJ/PE;-;PE;BRASIL;
VRSANTANA;-;SP;BRASIL;
VUAP;-;PA;BRASIL;
VUCBP/RJ;-;RJ;BRASIL;
VUCG;-;RN;BRASIL;
VUCI/CE;-;CE;BRASIL;
VUCQ;-;SP;BRASIL;
VUF/SL;-;MG;BRASIL;
VUGN;-;MT;BRASIL;
VUNICA;-;MT;BRASIL;
VUSMG;-;PA;BRASIL;
VUTCFZ/CE;-;CE;BRASIL;
X JECRIM;-;RJ;BRASIL;
XVI JECRIM;-;RJ;BRASIL;
XVI JERJ;-;RJ;BRASIL;
XVII JECRIM;-;RJ;BRASIL;
XVII JECRIM RJ;-;RJ;BRASIL;
XVIII;-;RJ;BRASIL;
XVIII JECRIM/RJ;-;RJ;BRASIL;
11;-;DF;BRASIL;
