id;name;grande_comando;estado;pais;
1;SERIPA I;CENIPA;PA;BRASIL;
2;COMARA;COMGAP SP;PA;BRASIL;
3;DT-INFRA BE;COMGAP SP;PA;BRASIL;
4;ES-AK;COMGEP;MA;BRASIL;
5;ETRB;COMGEP;PA;BRASIL;
6;HABE;COMGEP;PA;BRASIL;
7;SEREP-BE;COMGEP;PA;BRASIL;
8;1 ETA;COMPREP;PA;BRASIL;
9;3/7 GAV;COMPREP;PA;BRASIL;
10;ALA 9;COMPREP;PA;BRASIL;
11;BABE;COMPREP;PA;BRASIL;
12;BINFAE BE;COMPREP;PA;BRASIL;
13;GSD-BE;COMPREP;PA;BRASIL;
14;I COMAR;COMPREP;PA;BRASIL;
15;CLA;DCTA;MA;BRASIL;
16;DTCEA-AA;DECEA;PA;BRASIL;
17;DTCEA-BE;DECEA;PA;BRASIL;
18;DTCEA-CC;DECEA;PA;BRASIL;
19;DTCEA-EK;DECEA;PA;BRASIL;
20;DTCEA-FX;DECEA;PA;BRASIL;
21;DTCEA-IZ;DECEA;MA;BRASIL;
22;DTCEA-MQ;DECEA;AP;BRASIL;
23;DTCEA-SL;DECEA;MA;BRASIL;
24;DTCEA-SN;DECEA;PA;BRASIL;
25;8 CJM;GABAER;PA;BRASIL;
26;GAP AK;SEFA;MA;BRASIL;
27;GAP BE;SEFA;PA;BRASIL;
28;PAAK;SEFA;MA;BRASIL;
29;PABE;SEFA;PA;BRASIL;
30;1VF/PA;-;PA;BRASIL;
31;2VF/PA;-;PA;BRASIL;
32;ECE;-;MA;BRASIL;
33;SERIPA II;CENIPA;PE;BRASIL;
34;CO-NT;COMGAP SP;RN;BRASIL;
35;DT-INFRA NT;COMGAP SP;RN;BRASIL;
36;DT-INFRA RF;COMGAP SP;PE;BRASIL;
37;NUPAMA RF;COMGAP SP;PE;BRASIL;
38;PAMA RF;COMGAP SP;PE;BRASIL;
39;ES-FZ;COMGEP;CE;BRASIL;
40;ES-NT;COMGEP;RN;BRASIL;
41;ES-SV;COMGEP;BA;BRASIL;
42;HARF;COMGEP;PE;BRASIL;
43;OARF;COMGEP;PE;BRASIL;
44;SEREP-RF;COMGEP;PE;BRASIL;
45;1/5 GAV;COMPREP;RN;BRASIL;
46;1/8 GAV NT;COMPREP;RN;BRASIL;
47;1/11 GAV;COMPREP;RN;BRASIL;
48;2 ETA;COMPREP;RN;BRASIL;
49;2/5 GAV;COMPREP;RN;BRASIL;
50;ALA 10;COMPREP;RN;BRASIL;
51;BANT;COMPREP;RN;BRASIL;
52;CMS;COMPREP;BA;BRASIL;
53;DEF PUB BA;COMPREP;BA;BRASIL;
54;EIE;COMPREP;PE;BRASIL;
55;GITE;COMPREP;RN;BRASIL;
56;I FAE;COMPREP;RN;BRASIL;
57;CLBI;DCTA;RN;BRASIL;
58;3/1 GCC;DECEA;RN;BRASIL;
59;BARF;DECEA;PE;BRASIL;
60;BINFAE RF;DECEA;PE;BRASIL;
61;CINDACTA III;DECEA;PE;BRASIL;
62;DTCEA-AR;DECEA;SE;BRASIL;
63;DTCEA-FN;DECEA;PE;BRASIL;
64;DTCEA-FZ;DECEA;CE;BRASIL;
65;DTCEA-LP;DECEA;BA;BRASIL;
66;DTCEA-MO;DECEA;AL;BRASIL;
67;DTCEA-NT;DECEA;RN;BRASIL;
68;DTCEA-PL;DECEA;PE;BRASIL;
69;DTCEA-PS;DECEA;BA;BRASIL;
70;DTCEA-RF;DECEA;PE;BRASIL;
71;DTCEA-SV;DECEA;BA;BRASIL;
72;GSD-RF;DECEA;PE;BRASIL;
73;II COMAR;DECEA;PE;BRASIL;
74;AUD/7¶CJM/RF;EMAER;PE;BRASIL;
75;6 CJM;GABAER;BA;BRASIL;
76;7 CJM;GABAER;PE;BRASIL;
77;10 CJM;GABAER;CE;BRASIL;
78;1/7 GAV;SEFA;BA;BRASIL;
79;BAFZ;SEFA;CE;BRASIL;
80;BASV;SEFA;BA;BRASIL;
81;GAP FZ;SEFA;CE;BRASIL;
82;GAP NT;SEFA;RN;BRASIL;
83;GAP RF;SEFA;PE;BRASIL;
84;GAP SV;SEFA;BA;BRASIL;
85;PANT;SEFA;RN;BRASIL;
86;PARF;SEFA;PE;BRASIL;
87;PASV;SEFA;BA;BRASIL;
88;8VF/CE;-;CE;BRASIL;
89;10VF/CE;-;CE;BRASIL;
90;10VF/PE;-;PE;BRASIL;
91;12VF/CE;-;CE;BRASIL;
92;12VF/PE;-;PE;BRASIL;
93;AUD/10CJM;-;CE;BRASIL;
94;CASSAS;-;BA;BRASIL;
95;CMFZ;-;CE;BRASIL;
96;CMRF;-;PE;BRASIL;
97;TRF5REGIAO;-;PE;BRASIL;
98;ASOCEA;ASOCEA;RJ;BRASIL;
99;SERIPA III;CENIPA;RJ;BRASIL;
100;COPE-S;COMAE;RJ;BRASIL;
101;CEPE;COMGAP SP;RJ;BRASIL;
102;COMFIREM/C-130H;COMGAP SP;-;ITµLIA;
103;COMGAP;COMGAP SP;RJ;BRASIL;
104;CTLA;COMGAP SP;RJ;BRASIL;
105;DIRENG;COMGAP SP;RJ;BRASIL;
106;DT-INFRA RJ;COMGAP SP;RJ;BRASIL;
107;DTI RJ;COMGAP SP;RJ;BRASIL;
108;PAMA AF;COMGAP SP;RJ;BRASIL;
109;PAMA GL;COMGAP SP;RJ;BRASIL;
110;PAMA LS;COMGAP SP;MG;BRASIL;
111;PAMB RJ;COMGAP SP;RJ;BRASIL;
112;BINFAE AF;COMGEP;RJ;BRASIL;
113;CBNB;COMGEP;RJ;BRASIL;
114;CDA;COMGEP;RJ;BRASIL;
115;CEMAL;COMGEP;RJ;BRASIL;
116;CENDOC;COMGEP;RJ;BRASIL;
117;CFIAE;COMGEP;RJ;BRASIL;
118;CGABEG;COMGEP;RJ;BRASIL;
119;CIAAR;COMGEP;MG;BRASIL;
120;CID/JID;COMGEP;-;ESTADOS UNIDOS;
121;CMRJ;COMGEP;RJ;BRASIL;
122;DIRAP;COMGEP;RJ;BRASIL;
123;DIRSA;COMGEP;RJ;BRASIL;
124;EAOAR;COMGEP;RJ;BRASIL;
125;ECEMAR;COMGEP;RJ;BRASIL;
126;EPCAR;COMGEP;MG;BRASIL;
127;ES-BQ;COMGEP;MG;BRASIL;
128;ES-LS;COMGEP;MG;BRASIL;
129;ES-SC;COMGEP;RJ;BRASIL;
130;GAPS;COMGEP;RJ;BRASIL;
131;GSD-AF;COMGEP;RJ;BRASIL;
132;HAAF;COMGEP;RJ;BRASIL;
133;HCA;COMGEP;RJ;BRASIL;
134;HFAG;COMGEP;RJ;BRASIL;
135;IMAE;COMGEP;RJ;BRASIL;
136;IPA;COMGEP;RJ;BRASIL;
137;LAQFA;COMGEP;RJ;BRASIL;
138;OASD;COMGEP;RJ;BRASIL;
139;OM_AUX;COMGEP;RJ;BRASIL;
140;PIPAR-INAT;COMGEP;RJ;BRASIL;
141;SEGECAE;COMGEP;RJ;BRASIL;
142;SEREP-RJ;COMGEP;RJ;BRASIL;
143;UNIFA;COMGEP;RJ;BRASIL;
144;1 GAVCA;COMPREP;RJ;BRASIL;
145;1 GTT;COMPREP;RJ;BRASIL;
146;1/1 GT;COMPREP;RJ;BRASIL;
147;1/2 GT;COMPREP;RJ;BRASIL;
148;1/7 GAV RJ;COMPREP;RJ;BRASIL;
149;2/2 GT;COMPREP;RJ;BRASIL;
150;3 ETA;COMPREP;RJ;BRASIL;
151;3/8 GAV;COMPREP;RJ;BRASIL;
152;ALA 11;COMPREP;RJ;BRASIL;
153;ALA 12;COMPREP;RJ;BRASIL;
154;BAGL;COMPREP;RJ;BRASIL;
155;BASC;COMPREP;RJ;BRASIL;
156;BINFAE GL;COMPREP;RJ;BRASIL;
157;BINFAE RJ;COMPREP;RJ;BRASIL;
158;GSD-GL;COMPREP;RJ;BRASIL;
159;GSD-RJ;COMPREP;RJ;BRASIL;
160;STGM;COMPREP;RJ;BRASIL;
161;GAC-PAC_SCP-HB;DCTA;MG;BRASIL;
162;1 GCC;DECEA;RJ;BRASIL;
163;1/1 GCC;DECEA;RJ;BRASIL;
164;CGNA;DECEA;RJ;BRASIL;
165;CIMAER;DECEA;RJ;BRASIL;
166;CISCEA;DECEA;RJ;BRASIL;
167;COMF CISCE;DECEA;RJ;BRASIL;
168;COMF SIVAM;DECEA;RJ;BRASIL;
169;DECEA;DECEA;RJ;BRASIL;
170;DTCEA-AF;DECEA;RJ;BRASIL;
171;DTCEA-BQ;DECEA;MG;BRASIL;
172;DTCEA-CF;DECEA;MG;BRASIL;
173;DTCEA-GL;DECEA;RJ;BRASIL;
174;DTCEA-LS;DECEA;MG;BRASIL;
175;DTCEA-PCO;DECEA;RJ;BRASIL;
176;DTCEA-SC;DECEA;RJ;BRASIL;
177;DTCEA-STA;DECEA;ES;BRASIL;
178;DTCEA-TRM;DECEA;MG;BRASIL;
179;DTCEATM-RJ;DECEA;RJ;BRASIL;
180;GEIV;DECEA;RJ;BRASIL;
181;ICA;DECEA;RJ;BRASIL;
182;JJAER;DECEA;RJ;BRASIL;
183;PAME RJ;DECEA;RJ;BRASIL;
184;1 CJM;GABAER;RJ;BRASIL;
185;4 CJM;GABAER;MG;BRASIL;
186;GSI ER-RJO;GABAER;RJ;BRASIL;
187;SAGAB;GABAER;RJ;BRASIL;
188;INCAER;INCAER;RJ;BRASIL;
189;MUSAL;INCAER;RJ;BRASIL;
190;CECAFA MD;MDEFESA;RJ;BRASIL;
191;ESG;MDEFESA;RJ;BRASIL;
192;BAAF;SEFA;RJ;BRASIL;
193;CEAP;SEFA;RJ;BRASIL;
194;DCI;SEFA;RJ;BRASIL;
195;DIRAD;SEFA;RJ;BRASIL;
196;GAL;SEFA;RJ;BRASIL;
197;GALC;SEFA;RJ;BRASIL;
198;GAP AF;SEFA;RJ;BRASIL;
199;GAP BQ;SEFA;MG;BRASIL;
200;GAP GL;SEFA;RJ;BRASIL;
201;GAP LS;SEFA;MG;BRASIL;
202;GAP RJ;SEFA;RJ;BRASIL;
203;GAP SC;SEFA;RJ;BRASIL;
204;III COMAR;SEFA;RJ;BRASIL;
205;PAAF;SEFA;RJ;BRASIL;
206;PAGL;SEFA;RJ;BRASIL;
207;PALS;SEFA;MG;BRASIL;
208;PIPAR;SEFA;RJ;BRASIL;
209;1VF/RJ;-;RJ;BRASIL;
210;2VF/NITEROI;-;RJ;BRASIL;
211;2VF/RJ;-;RJ;BRASIL;
212;3VF/RJ;-;RJ;BRASIL;
213;5VF/RJ;-;RJ;BRASIL;
214;6¶AUD1¶CJM/RJ;-;RJ;BRASIL;
215;7VF/RJ;-;RJ;BRASIL;
216;8VF/RJ;-;RJ;BRASIL;
217;10VF/RJ;-;RJ;BRASIL;
218;12VF/RJ;-;RJ;BRASIL;
219;14VF/RJ;-;RJ;BRASIL;
220;15VF/RJ;-;RJ;BRASIL;
221;16VF/RJ;-;RJ;BRASIL;
222;17VF/RJ;-;RJ;BRASIL;
223;18VF/RJ;-;RJ;BRASIL;
224;20VF/RJ;-;RJ;BRASIL;
225;21VF/RJ;-;RJ;BRASIL;
226;23VF/RJ;-;RJ;BRASIL;
227;24VF/RJ;-;RJ;BRASIL;
228;26VF/RJ;-;RJ;BRASIL;
229;27VF/RJ;-;RJ;BRASIL;
230;28CI/RJ;-;RJ;BRASIL;
231;28VF/RJ;-;RJ;BRASIL;
232;30VF/RJ;-;RJ;BRASIL;
233;AUD/1 CJM;-;RJ;BRASIL;
234;AUD/4 CJM MG;-;MG;BRASIL;
235;CMBH;-;MG;BRASIL;
236;CMJF;-;MG;BRASIL;
237;CTAER RJ;-;RJ;BRASIL;
238;CURSO BR;-;RJ;BRASIL;
239;ECEME;-;RJ;BRASIL;
240;EGN;-;RJ;BRASIL;
241;ESCESP EXER;-;RJ;BRASIL;
242;GOV-RJ;-;RJ;BRASIL;
243;NVA-1;-;RJ;BRASIL;
244;SDPP;-;RJ;BRASIL;
245;TRF2REGIAO/RJ;-;RJ;BRASIL;
246;SERIPA IV;CENIPA;SP;BRASIL;
247;BASP;COMGAP SP;SP;BRASIL;
248;CCA SJ;COMGAP SP;SP;BRASIL;
249;CECAT;COMGAP SP;SP;BRASIL;
250;CELOG;COMGAP SP;SP;BRASIL;
251;CEPE SP;COMGAP SP;SP;BRASIL;
252;COMF MMR;COMGAP SP;SP;BRASIL;
253;COMGAP SP;COMGAP SP;SP;BRASIL;
254;COMREC-EMBRAER;COMGAP SP;SP;BRASIL;
255;DIRINFRA SP;COMGAP SP;SP;BRASIL;
256;DIRMAB;COMGAP SP;SP;BRASIL;
257;DT-INFRA SP;COMGAP SP;SP;BRASIL;
258;DTI;COMGAP SP;SP;BRASIL;
259;GSD-SP;COMGAP SP;SP;BRASIL;
260;ILA;COMGAP SP;SP;BRASIL;
261;IV COMAR;COMGAP SP;SP;BRASIL;
262;PAMA SP;COMGAP SP;SP;BRASIL;
263;2ESQDASAU HFASP;COMGEP;SP;BRASIL;
264;AFA;COMGEP;SP;BRASIL;
265;EEAR;COMGEP;SP;BRASIL;
266;ES-CG;COMGEP;MS;BRASIL;
267;ES-GW;COMGEP;SP;BRASIL;
268;ES-SJ;COMGEP;SP;BRASIL;
269;ES-YS;COMGEP;SP;BRASIL;
270;HFASP;COMGEP;SP;BRASIL;
271;SEREP-SP;COMGEP;SP;BRASIL;
272;1/15 GAV;COMPREP;MS;BRASIL;
273;2/10 GAV;COMPREP;MS;BRASIL;
274;3/3 GAV;COMPREP;MS;BRASIL;
275;ALA 5;COMPREP;MS;BRASIL;
276;BACG;COMPREP;MS;BRASIL;
277;CMCG;COMPREP;MS;BRASIL;
278;EAS;COMPREP;MS;BRASIL;
279;IAOP;COMPREP;SP;BRASIL;
280;CO-DCTA;DCTA;SP;BRASIL;
281;CPORAER SJ;DCTA;SP;BRASIL;
282;DCTA;DCTA;SP;BRASIL;
283;GAC-EMBRAER;DCTA;SP;BRASIL;
284;GAC-HB;DCTA;MG;BRASIL;
285;GAC-MECTRON;DCTA;SP;BRASIL;
286;GAC-PAC;DCTA;SP;BRASIL;
287;GAP SJ;DCTA;SP;BRASIL;
288;GIA SJ;DCTA;SP;BRASIL;
289;GSD-SJ;DCTA;SP;BRASIL;
290;IAE;DCTA;SP;BRASIL;
291;IEAV;DCTA;SP;BRASIL;
292;IFI;DCTA;SP;BRASIL;
293;IPEV;DCTA;SP;BRASIL;
294;ITA;DCTA;SP;BRASIL;
295;PASJ;DCTA;SP;BRASIL;
296;DTCEA-CG;DECEA;MS;BRASIL;
297;DTCEA-CR;DECEA;MS;BRASIL;
298;DTCEA-GW;DECEA;SP;BRASIL;
299;DTCEA-JGI;DECEA;MS;BRASIL;
300;DTCEA-MT;DECEA;SP;BRASIL;
301;DTCEA-SJ;DECEA;SP;BRASIL;
302;DTCEA-SP;DECEA;SP;BRASIL;
303;DTCEA-SRO;DECEA;SP;BRASIL;
304;DTCEA-ST;DECEA;SP;BRASIL;
305;DTCEA-TNB;DECEA;SP;BRASIL;
306;DTCEA-YS;DECEA;SP;BRASIL;
307;ICEA;DECEA;SP;BRASIL;
308;SRPV SP;DECEA;SP;BRASIL;
309;CCAFA;DEPENS;SP;BRASIL;
310;2 CJM;GABAER;SP;BRASIL;
311;9 CJM;GABAER;MS;BRASIL;
312;EDA;GABAER;SP;BRASIL;
313;GSI ER-SP;GABAER;SP;BRASIL;
314;BAST;SEFA;SP;BRASIL;
315;FAYS;SEFA;SP;BRASIL;
316;GAP CG;SEFA;MS;BRASIL;
317;GAP GW;SEFA;SP;BRASIL;
318;GAP SP;SEFA;SP;BRASIL;
319;GAP YS;SEFA;SP;BRASIL;
320;PACG;SEFA;MS;BRASIL;
321;PAGW;SEFA;SP;BRASIL;
322;PASP;SEFA;SP;BRASIL;
323;PAYS;SEFA;SP;BRASIL;
324;SASDAB-DIRAD;SEFA;SP;BRASIL;
325;1VF/GUARA;-;SP;BRASIL;
326;1VF/SAO CARLOS;-;SP;BRASIL;
327;1VF/SJC;-;SP;BRASIL;
328;3VF/SJC;-;SP;BRASIL;
329;14VF/SP;-;SP;BRASIL;
330;16VF/SP;-;SP;BRASIL;
331;ASPR SP;-;SP;BRASIL;
332;GAC-SAAB;-;-;SUêCIA;
333;INPE;-;SP;BRASIL;
334;TRF3REGIAO/SP;-;SP;BRASIL;
335;CCA RJ;COMGAP SP;RJ;BRASIL;
336;CAE;SEFA;RJ;BRASIL;
337;SERIPA V;CENIPA;RS;BRASIL;
338;DT-INFRA CO;COMGAP SP;RS;BRASIL;
339;3RM-SMR;COMGEP;RS;BRASIL;
340;ES-CT;COMGEP;PR;BRASIL;
341;ES-FL;COMGEP;SC;BRASIL;
342;ES-SM;COMGEP;RS;BRASIL;
343;HACO;COMGEP;RS;BRASIL;
344;SEREP-CO;COMGEP;RS;BRASIL;
345;1 GDAAE;COMPREP;RS;BRASIL;
346;1/10 GAV;COMPREP;RS;BRASIL;
347;1/12 GAV;COMPREP;RS;BRASIL;
348;1/14 GAV;COMPREP;RS;BRASIL;
349;2/7 GAV;COMPREP;RS;BRASIL;
350;3/10 GAV;COMPREP;RS;BRASIL;
351;5 ETA;COMPREP;RS;BRASIL;
352;5/8 GAV;COMPREP;RS;BRASIL;
353;ALA 3;COMPREP;RS;BRASIL;
354;ALA 4;COMPREP;RS;BRASIL;
355;BACO;COMPREP;RS;BRASIL;
356;BASM;COMPREP;RS;BRASIL;
357;BINFAE CO;COMPREP;RS;BRASIL;
358;CMPA;COMPREP;RS;BRASIL;
359;CMSM;COMPREP;RS;BRASIL;
360;GSD-CO;COMPREP;RS;BRASIL;
361;V COMAR;COMPREP;RS;BRASIL;
362;GAC PAC-SCP_SIS;DCTA;RS;BRASIL;
363;2/1 GCC;DECEA;RS;BRASIL;
364;4/1 GCC;DECEA;RS;BRASIL;
365;CINDACTA II;DECEA;PR;BRASIL;
366;DTCEA-BI;DECEA;PR;BRASIL;
367;DTCEA-CGU;DECEA;RS;BRASIL;
368;DTCEA-CO;DECEA;RS;BRASIL;
369;DTCEA-CT;DECEA;PR;BRASIL;
370;DTCEA-CTD;DECEA;PR;BRASIL;
371;DTCEA-FI;DECEA;PR;BRASIL;
372;DTCEA-FL;DECEA;SC;BRASIL;
373;DTCEA-MDI;DECEA;SC;BRASIL;
374;DTCEA-PA;DECEA;RS;BRASIL;
375;DTCEA-SM;DECEA;RS;BRASIL;
376;DTCEA-STI;DECEA;RS;BRASIL;
377;DTCEA-UG;DECEA;RS;BRASIL;
378;1¶AUD/3¶CJM/RS;EMAER;RS;BRASIL;
379;3 CJM;GABAER;RS;BRASIL;
380;5 CJM;GABAER;PR;BRASIL;
381;BAFL;SEFA;SC;BRASIL;
382;GAP CO;SEFA;RS;BRASIL;
383;GAP CT;SEFA;PR;BRASIL;
384;GAP SM;SEFA;RS;BRASIL;
385;PACO;SEFA;RS;BRASIL;
386;PACT;SEFA;PR;BRASIL;
387;PASM;SEFA;RS;BRASIL;
388;1VF/CANOAS;-;RS;BRASIL;
389;1VF/PR;-;PR;BRASIL;
390;1VF/SANTA MARIA;-;RS;BRASIL;
391;3VF/SM;-;RS;BRASIL;
392;9VF/PR;-;PR;BRASIL;
393;9VF/RS;-;RS;BRASIL;
394;AUD/5¶CJM/BL;-;SC;BRASIL;
395;CMCR;-;PR;BRASIL;
396;ASPAER;ASPAER;DF;BRASIL;
397;CECOMSAER;CECOMSAER;DF;BRASIL;
398;CENCIAR;CENCIAR;DF;BRASIL;
399;CENIPA;CENIPA;DF;BRASIL;
400;SERIPA VI;CENIPA;DF;BRASIL;
401;CIAER;CIAER;DF;BRASIL;
402;COMAE;COMAE;DF;BRASIL;
403;COPE-P;COMAE;DF;BRASIL;
404;CABE;COMGAP SP;OUTROS;REINO UNIDO;
405;CABW;COMGAP SP;-;ESTADOS UNIDOS;
406;CCA BR;COMGAP SP;DF;BRASIL;
407;CO-AN;COMGAP SP;GO;BRASIL;
408;DT-INFRA BR;COMGAP SP;DF;BRASIL;
409;GAC INFRA-AN;COMGAP SP;GO;BRASIL;
410;MTAB;COMGAP SP;-;PARAGUAI;
411;RECABI;COMGAP SP;-;ITµLIA;
412;COMGEP;COMGEP;DF;BRASIL;
413;DIRENS;COMGEP;DF;BRASIL;
414;ES-AN;COMGEP;GO;BRASIL;
415;HFAB;COMGEP;DF;BRASIL;
416;OABR;COMGEP;DF;BRASIL;
417;SEREP-BR;COMGEP;DF;BRASIL;
418;TRF1;COMGEP;DF;BRASIL;
419;1 BDAAE;COMPREP;DF;BRASIL;
420;1 GDA;COMPREP;GO;BRASIL;
421;1 GTT AN;COMPREP;GO;BRASIL;
422;1/6 GAV;COMPREP;GO;BRASIL;
423;2/6 GAV;COMPREP;GO;BRASIL;
424;3 GDAAE;COMPREP;GO;BRASIL;
425;6 ETA;COMPREP;DF;BRASIL;
426;ALA 1;COMPREP;DF;BRASIL;
427;ALA 2;COMPREP;GO;BRASIL;
428;BAAN;COMPREP;GO;BRASIL;
429;BABR;COMPREP;DF;BRASIL;
430;BINFAE BR;COMPREP;DF;BRASIL;
431;COMPREP;COMPREP;DF;BRASIL;
432;CPBV;COMPREP;DF;BRASIL;
433;CPBV;COMPREP;PA;BRASIL;
434;DESTAE-CC;COMPREP;PA;BRASIL;
435;GSD-BR;COMPREP;DF;BRASIL;
436;VI COMAR;COMPREP;DF;BRASIL;
437;CPO;CPO;DF;BRASIL;
438;CCISE;DCTA;DF;BRASIL;
439;COPAC;DCTA;DF;BRASIL;
440;CINDACTA I;DECEA;DF;BRASIL;
441;DTCEA-AN;DECEA;GO;BRASIL;
442;DTCEA-BR;DECEA;DF;BRASIL;
443;DTCEA-BW;DECEA;MT;BRASIL;
444;DTCEA-CY;DECEA;MT;BRASIL;
445;DTCEA-EP;DECEA;MT;BRASIL;
446;DTCEA-FA;DECEA;MT;BRASIL;
447;DTCEA-GA;DECEA;DF;BRASIL;
448;DTCEA-GI;DECEA;MT;BRASIL;
449;DTCEA-SI;DECEA;MT;BRASIL;
450;DTS;DECEA;DF;BRASIL;
451;AD AFR SUL;EMAER;-;µFRICA DO SUL;
452;AD ALEMANH;EMAER;-;ALEMANHA;
453;AD ARGENT;EMAER;-;ARGENTINA;
454;AD BOLIVIA;EMAER;-;BOL÷VIA;
455;AD CHILE;EMAER;-;CHILE;
456;AD CHINA;EMAER;-;CHINA;
457;AD COLOMB;EMAER;-;COL‚MBIA;
458;AD EEUU;EMAER;-;ESTADOS UNIDOS;
459;AD EQUADOR;EMAER;-;EQUADOR;
460;AD FRANCA;EMAER;-;FRANÄA;
461;AD INDONE;EMAER;-;INDONêSIA;
462;AD INGL;EMAER;-;REINO UNIDO;
463;AD ISRAEL;EMAER;OUTROS;EXTERIOR;
464;AD ITALIA;EMAER;-;ITµLIA;
465;AD PARAG;EMAER;-;PARAGUAI;
466;AD PERU;EMAER;-;PERU;
467;AD PORT;EMAER;-;PORTUGAL;
468;AD URUGUAI;EMAER;-;URUGUAI;
469;AD VENEZ;EMAER;-;VENEZUELA;
470;ADDEFNAVEXAERETIOPIA;EMAER;-;ETIOPIA;
471;ADIAER;EMAER;OUTROS;EXTERIOR;
472;ADIDEFNAVEXAERINDIA;EMAER;-;÷NDIA;
473;ADIDEFNAVEXAERLIBANO;EMAER;-;L÷BANO;
474;ADIDEFNEAINDIA;EMAER;-;÷NDIA;
475;ADIDEFSENEG;EMAER;-;SENEGAL;
476;ADIFA;EMAER;OUTROS;EXTERIOR;
477;ADIFA CHIN;EMAER;-;CHINA;
478;ADIFA ESP;EMAER;-;ESPANHA;
479;ADIFA RUSS;EMAER;-;RÈSSIA;
480;AGAFA;EMAER;-;EQUADOR;
481;CMA BOL;EMAER;-;BOL÷VIA;
482;EMAER;EMAER;DF;BRASIL;
483;MISSAO EXT;EMAER;OUTROS;EXTERIOR;
484;RBJID;EMFA;-;ESTADOS UNIDOS;
485;11 CJM;GABAER;DF;BRASIL;
486;AMVPR;GABAER;DF;BRASIL;
487;CMB;GABAER;DF;BRASIL;
488;COJAER;GABAER;DF;BRASIL;
489;COJAER;GABAER;RJ;BRASIL;
490;COMAER;GABAER;DF;BRASIL;
491;GABAER;GABAER;DF;BRASIL;
492;GABAER;GABAER;RJ;BRASIL;
493;GSIPR;GABAER;DF;BRASIL;
494;GTE;GABAER;DF;BRASIL;
495;MISSAO BR;GABAER;DF;BRASIL;
496;PRES REP;GABAER;DF;BRASIL;
497;STM;GABAER;DF;BRASIL;
498;STM-OF;GABAER;DF;BRASIL;
499;VIC-PRAER OF;GABAER;DF;BRASIL;
500;VIC-PRAER SGT;GABAER;DF;BRASIL;
501;COMDCIBER;MDEFESA;DF;BRASIL;
502;HFA;MDEFESA;DF;BRASIL;
503;MDEFESA;MDEFESA;DF;BRASIL;
504;ONU;MDEFESA;-;ESTADOS UNIDOS;
505;DIREF;SEFA;DF;BRASIL;
506;GAP AN;SEFA;GO;BRASIL;
507;GAP BR;SEFA;DF;BRASIL;
508;GAP DF;SEFA;DF;BRASIL;
509;PAAN;SEFA;GO;BRASIL;
510;PABR;SEFA;DF;BRASIL;
511;SEFA;SEFA;DF;BRASIL;
512;ADEXAEAL;-;OUTROS;EXTERIOR;
513;ADEXAEPR;-;-;PORTUGAL;
514;ADIDEFNAVEXAERSUECIA;-;OUTROS;REINO UNIDO;
515;ADIFA COLO;-;-;COL‚MBIA;
516;ADIFA IRAN;-;-;IRAQUE;
517;ADIFA ISRA;-;OUTROS;EXTERIOR;
518;ADIFA IUGO;-;-;IUGOSLµVIA;
519;ADIFA MEXI;-;-;MêXICO;
520;CASSAB;-;DF;BRASIL;
521;CCPR;-;DF;BRASIL;
522;COMEXER;-;DF;BRASIL;
523;GAC-AFS;-;-;µFRICA DO SUL;
524;GAC-CASA;-;-;ESPANHA;
525;OACI;-;-;CANADµ;
526;STM/DF;-;DF;BRASIL;
527;SERIPA VII;CENIPA;AM;BRASIL;
528;COMARA-DACO TT;COMGAP SP;AM;BRASIL;
529;DACO MN;COMGAP SP;AM;BRASIL;
530;DACO UA;COMGAP SP;AM;BRASIL;
531;DT-INFRA MN;COMGAP SP;AM;BRASIL;
532;ES-BV;COMGEP;RR;BRASIL;
533;ES-PV;COMGEP;RO;BRASIL;
534;HAMN;COMGEP;AM;BRASIL;
535;SEREP-MN;COMGEP;AM;BRASIL;
536;1/3 GAV;COMPREP;RR;BRASIL;
537;1/4 GAV;COMPREP;AM;BRASIL;
538;1/9 GAV;COMPREP;AM;BRASIL;
539;2 GDAAE;COMPREP;AM;BRASIL;
540;2/3 GAV;COMPREP;RO;BRASIL;
541;2/8 GAV;COMPREP;RO;BRASIL;
542;7 ETA;COMPREP;AM;BRASIL;
543;7/8 GAV;COMPREP;AM;BRASIL;
544;ALA 6;COMPREP;RO;BRASIL;
545;ALA 7;COMPREP;RR;BRASIL;
546;ALA 8;COMPREP;AM;BRASIL;
547;BABV;COMPREP;RR;BRASIL;
548;BAMN;COMPREP;AM;BRASIL;
549;BAPV;COMPREP;RO;BRASIL;
550;BINFAE MN;COMPREP;AM;BRASIL;
551;DSM-MN;COMPREP;AM;BRASIL;
552;DSTAEEI;COMPREP;AM;BRASIL;
553;DSTAEUA;COMPREP;AM;BRASIL;
554;DSTAEVH;COMPREP;RO;BRASIL;
555;GSD-MN;COMPREP;AM;BRASIL;
556;VII COMAR;COMPREP;AM;BRASIL;
557;5/1 GCC;DECEA;RO;BRASIL;
558;CINDACTA IV;DECEA;AM;BRASIL;
559;DTCEA-BV;DECEA;RR;BRASIL;
560;DTCEA-CZ;DECEA;AC;BRASIL;
561;DTCEA-EG;DECEA;AM;BRASIL;
562;DTCEA-EI;DECEA;AM;BRASIL;
563;DTCEA-GM;DECEA;RO;BRASIL;
564;DTCEA-MN;DECEA;AM;BRASIL;
565;DTCEA-MY;DECEA;AM;BRASIL;
566;DTCEA-PV;DECEA;RO;BRASIL;
567;DTCEA-RB;DECEA;AC;BRASIL;
568;DTCEA-TF;DECEA;AM;BRASIL;
569;DTCEA-TT;DECEA;AM;BRASIL;
570;DTCEA-UA;DECEA;AM;BRASIL;
571;DTCEA-VH;DECEA;RO;BRASIL;
572;12 CJM;GABAER;AM;BRASIL;
573;GAP BV;SEFA;RR;BRASIL;
574;GAP MN;SEFA;AM;BRASIL;
575;GAP PV;SEFA;RO;BRASIL;
576;PAMN;SEFA;AM;BRASIL;
577;AUD/4 CJM;-;AM;BRASIL;
578;CMM;-;AM;BRASIL;
579;A PER CHBIB 9E10;A PER CHBIB 9E10;AM;BRASIL;
580;ABCTA-CTBA MENS;ABCTA-CTBA MENS;PE;BRASIL;
581;ABRA - PAT;ABRA - PAT;SC;BRASIL;
582;ABRA-CAT MENS;ABRA-CAT MENS;RJ;BRASIL;
583;ABRA-PC;ABRA-PC;RJ;BRASIL;
584;ABRA-SAR;ABRA-SAR;AL;BRASIL;
585;AGIA MENS;AGIA MENS;BA;BRASIL;
586;ALBATROZ MENS;ALBATROZ MENS;RJ;BRASIL;
587;AM PNR SOSGT BQ;AM PNR SOSGT BQ;PE;BRASIL;
588;AMBRA;AMBRA;PE;BRASIL;
589;AMEAVITA;AMEAVITA;DF;BRASIL;
590;AMRAER;AMRAER;RJ;BRASIL;
591;ANAPCON MENS;ANAPCON MENS;RN;BRASIL;
592;ANAPI;ANAPI;RJ;BRASIL;
593;APCH AEROPORTO;APCH AEROPORTO;AM;BRASIL;
594;APEAB;APEAB;MG;BRASIL;
595;APVMRN;APVMRN;RJ;BRASIL;
596;ARFAMIL MENS;ARFAMIL MENS;BA;BRASIL;
597;ASB AF;ASB AF;RJ;BRASIL;
598;ASBAPI MENS;ASBAPI MENS;DF;BRASIL;
599;ASMIPIR MENS;ASMIPIR MENS;PR;BRASIL;
600;ASMIR PE MENS;ASMIR PE MENS;RJ;BRASIL;
601;ASS ANIST POLITICOS;ASS ANIST POLITICOS;RJ;BRASIL;
602;ASS BL I SQN204;ASS BL I SQN204;RS;BRASIL;
603;ASS BL J SQN108;ASS BL J SQN108;MG;BRASIL;
604;ASS ORD ALTANEI;ASS ORD ALTANEI;DF;BRASIL;
605;ASS PER APCHBIB;ASS PER APCHBIB;DF;BRASIL;
606;ASS PER BLOCO A;ASS PER BLOCO A;DF;BRASIL;
607;ASS PER IVO GAST;ASS PER IVO GAST;PE;BRASIL;
608;ASS PERM ASPEVI;ASS PERM ASPEVI;PE;BRASIL;
609;ASS PERMI 14BIS;ASS PERMI 14BIS;RJ;BRASIL;
610;ASS PERMI ASPCA;ASS PERMI ASPCA;SP;BRASIL;
611;ASS PERMI ASWXL;ASS PERMI ASWXL;CE;BRASIL;
612;ASS PERMI HCV;ASS PERMI HCV;CE;BRASIL;
613;ASS PERMI VMA;ASS PERMI VMA;MG;BRASIL;
614;ASS SERV CV AER;ASS SERV CV AER;RJ;BRASIL;
615;ASS SERV CV BR;ASS SERV CV BR;RJ;BRASIL;
616;ASS SO SGT EPCAR;ASS SO SGT EPCAR;SP;BRASIL;
617;ASSAF B25;ASSAF B25;PE;BRASIL;
618;ASSATA MENS;ASSATA MENS;RJ;BRASIL;
619;BANCO INTER SA;BANCO INTER SA;SP;BRASIL;
620;BANEX AF;BANEX AF;CE;BRASIL;
621;BC MORADA/ACRUX;BC MORADA/ACRUX;RJ;BRASIL;
622;BCO ABC AF;BCO ABC AF;RJ;BRASIL;
623;BCO ALFA AF;BCO ALFA AF;RJ;BRASIL;
624;BCO ARBI AF;BCO ARBI AF;RJ;BRASIL;
625;BCO BBM AF;BCO BBM AF;RJ;BRASIL;
626;BCO BMC AF;BCO BMC AF;RJ;BRASIL;
627;BCO BMG AF;BCO BMG AF;RJ;BRASIL;
628;BCO BONSUCESSO AF;BCO BONSUCESSO AF;RJ;BRASIL;
629;BCO BRADESCO AF;BCO BRADESCO AF;RJ;BRASIL;
630;BCO BRASIL AF;BCO BRASIL AF;RJ;BRASIL;
631;BCO BVA AF;BCO BVA AF;SP;BRASIL;
632;BCO CACIQUE AF;BCO CACIQUE AF;SP;BRASIL;
633;BCO CEDULA AF;BCO CEDULA AF;RJ;BRASIL;
634;BCO CR2 AF;BCO CR2 AF;RJ;BRASIL;
635;BCO CRUZ SUL AF;BCO CRUZ SUL AF;SP;BRASIL;
636;BCO DAYCOVAL AF;BCO DAYCOVAL AF;RJ;BRASIL;
637;BCO FIBRA AF;BCO FIBRA AF;SP;BRASIL;
638;BCO FICSA AF;BCO FICSA AF;RJ;BRASIL;
639;BCO GE CAPITAL AF;BCO GE CAPITAL AF;SP;BRASIL;
640;BCO GE CART CRED;BCO GE CART CRED;RJ;BRASIL;
641;BCO GERADOR;BCO GERADOR;RJ;BRASIL;
642;BCO HSBC AF;BCO HSBC AF;PR;BRASIL;
643;BCO INDUSTRIAL AF;BCO INDUSTRIAL AF;RJ;BRASIL;
644;BCO ITAU AF;BCO ITAU AF;SP;BRASIL;
645;BCO ITAU-UNIBANCO AF;BCO ITAU-UNIBANCO AF;MG;BRASIL;
646;BCO MAXIMA AF;BCO MAXIMA AF;GO;BRASIL;
647;BCO MERCANTIL AF;BCO MERCANTIL AF;RJ;BRASIL;
648;BCO ORIGINAL AF;BCO ORIGINAL AF;SP;BRASIL;
649;BCO PARANµ AF;BCO PARANµ AF;RJ;BRASIL;
650;BCO PECUNIA AF;BCO PECUNIA AF;MG;BRASIL;
651;BCO PINE AF;BCO PINE AF;RJ;BRASIL;
652;BCO RURAL AF;BCO RURAL AF;RJ;BRASIL;
653;BCO SAFRA AF;BCO SAFRA AF;RJ;BRASIL;
654;BCO SANTANDER AF;BCO SANTANDER AF;RJ;BRASIL;
655;BCO SCHAHIN AF;BCO SCHAHIN AF;RJ;BRASIL;
656;BCO SEMEAR AF;BCO SEMEAR AF;RJ;BRASIL;
657;BCO SOFISA AF;BCO SOFISA AF;RJ;BRASIL;
658;BV FIN AF;BV FIN AF;RJ;BRASIL;
659;C S S G A F;C S S G A F;RS;BRASIL;
660;C SGT B MENSAL;C SGT B MENSAL;PE;BRASIL;
661;C TAIF AER;C TAIF AER;SP;BRASIL;
662;CAPEMISA S/A;CAPEMISA S/A;RJ;BRASIL;
663;CAPEMISA SA;CAPEMISA SA;SP;BRASIL;
664;CARAVANA MENS;CARAVANA MENS;PE;BRASIL;
665;CAS SOSGT SP;CAS SOSGT SP;SC;BRASIL;
666;CASCASTA;CASCASTA;RJ;BRASIL;
667;CASSAZUM;CASSAZUM;DF;BRASIL;
668;CATALINA MENS;CATALINA MENS;DF;BRASIL;
669;CCB BRASIL;CCB BRASIL;MG;BRASIL;
670;CEF AF;CEF AF;RJ;BRASIL;
671;CEN SOCIAL PELICANO;CEN SOCIAL PELICANO;MG;BRASIL;
672;CETELEM;CETELEM;RJ;BRASIL;
673;CIAER AGINT-MA;CIAER;MA;BRASIL;
674;CIAER AGINT-SP;CIAER;SP;BRASIL;
675;CLUBE AER;CLUBE AER;RJ;BRASIL;
676;CLUBE AER BR;CLUBE AER BR;CE;BRASIL;
677;CLUBE DAS µGUIAS;CLUBE DAS µGUIAS;SP;BRASIL;
678;CLUBE MILITAR;CLUBE MILITAR;RJ;BRASIL;
679;CLUBE SOSGT AER;CLUBE SOSGT AER;RJ;BRASIL;
680;COGA;COGA;RJ;BRASIL;
681;COGAL;COGAL;RJ;BRASIL;
682;COMGAP AAL_SJ;COMGAP SP;SP;BRASIL;
683;COMPREV;COMPREV;RJ;BRASIL;
684;COSAE-SICOOB;COSAE-SICOOB;SC;BRASIL;
685;CQCTAN MENS;CQCTAN MENS;PE;BRASIL;
686;CS ALBATROZ MENS;CS ALBATROZ MENS;SC;BRASIL;
687;CSSGL;CSSGL;RJ;BRASIL;
688;MTAB-BOLIVIA;EMAER;-;BOL÷VIA;
689;EQUATORIAL PREV;EQUATORIAL PREV;RJ;BRASIL;
690;FIN EXPRINTER AF;FIN EXPRINTER AF;RJ;BRASIL;
691;FIN OBOE AF;FIN OBOE AF;SP;BRASIL;
692;FIN PREVCAIXA AF;FIN PREVCAIXA AF;RJ;BRASIL;
693;GBOEX;GBOEX;RS;BRASIL;
694;GSGS AF;GSGS AF;RS;BRASIL;
695;LECCA FIN AF;LECCA FIN AF;RJ;BRASIL;
696;LEG VET GUER BR;LEG VET GUER BR;RJ;BRASIL;
697;ESG-BR;MDEFESA;DF;BRASIL;
698;MENS AMIGOS T1;MENS AMIGOS T1;RJ;BRASIL;
699;MENS APRAF;MENS APRAF;MG;BRASIL;
700;MENS ASA BRANCA;MENS ASA BRANCA;SP;BRASIL;
701;MENS ASSGAPA;MENS ASSGAPA;MG;BRASIL;
702;MENS COEP;MENS COEP;SC;BRASIL;
703;MENS ESQ FUMACA;MENS ESQ FUMACA;RJ;BRASIL;
704;MITRA ORD MIL;MITRA ORD MIL;RS;BRASIL;
705;NINHO DAS µGUIAS MEN;NINHO DAS µGUIAS MEN;PE;BRASIL;
706;OLE CONSIGNADO;OLE CONSIGNADO;RS;BRASIL;
707;PRESTAÄ«O DE ALUGUEL;PRESTAÄ«O DE ALUGUEL;RS;BRASIL;
708;PREVBRAS PREV AF;PREVBRAS PREV AF;RJ;BRASIL;
709;PREVICORP PREV AF;PREVICORP PREV AF;RJ;BRASIL;
710;QUALIVIDA;QUALIVIDA;PE;BRASIL;
711;SICOOB NOSSACOOP;SICOOB NOSSACOOP;AL;BRASIL;
712;U BENEF SSGT FA;U BENEF SSGT FA;RN;BRASIL;
713;UBS-5;UBS-5;RJ;BRASIL;
714;VIVER PREV;VIVER PREV;RJ;BRASIL;
715;1  VECT;-;AM;BRASIL;
716;1 AUD/ 2 CJM;-;SP;BRASIL;
717;1 AUD/3 CJM;-;RS;BRASIL;
718;1 DEPOL;-;SP;BRASIL;
719;1 DP;-;SP;BRASIL;
720;1 DP CIV;-;RN;BRASIL;
721;1 DP CIV RN;-;RN;BRASIL;
722;1 DP GO;-;GO;BRASIL;
723;1 DPRCCM;-;PE;BRASIL;
724;1 DVJVDFCM;-;PA;BRASIL;
725;1 JEC;-;PE;BRASIL;
726;1 JECRIM SG;-;RJ;BRASIL;
727;1 JECRIMBV;-;RR;BRASIL;
728;1 JVDFCM;-;DF;BRASIL;
729;1 V;-;PE;BRASIL;
730;1 VAM;-;RO;BRASIL;
731;1 VC;-;MG;BRASIL;
732;1 VC FL;-;SC;BRASIL;
733;1 VC GO;-;GO;BRASIL;
734;1 VC MN;-;AM;BRASIL;
735;1 VC RJ;-;RJ;BRASIL;
736;1 VC RO;-;RO;BRASIL;
737;1 VC SM;-;RS;BRASIL;
738;1 VC SP;-;SP;BRASIL;
739;1 VC SP.;-;SP;BRASIL;
740;1 VC/PA;-;PA;BRASIL;
741;1 VC/RN;-;RN;BRASIL;
742;1 VCCN;-;RJ;BRASIL;
743;1 VCCP;-;SP;BRASIL;
744;1 VCRJ;-;RJ;BRASIL;
745;1 VCSJM;-;RJ;BRASIL;
746;1 VDT;-;RO;BRASIL;
747;1 VDT BC;-;SP;BRASIL;
748;1 VECCDCA;-;AM;BRASIL;
749;1 VECT;-;AM;BRASIL;
750;1 VF/DF;-;DF;BRASIL;
751;1 VF/RN;-;RN;BRASIL;
752;1 VF/SP;-;SP;BRASIL;
753;1 VFAC;-;AC;BRASIL;
754;1 VFC;-;RJ;BRASIL;
755;1 VJFDPCC;-;SP;BRASIL;
756;1/2 CJM;-;SP;BRASIL;
757;1/VF S«O PEDRO DA AL;-;RJ;BRASIL;
758;1¶ JEF;-;RJ;BRASIL;
759;1¶ VC;-;PE;BRASIL;
760;1¶ VC GO;-;GO;BRASIL;
761;1¶ VC/BH;-;MG;BRASIL;
762;1¶ VC/JVDF;-;SP;BRASIL;
763;1¶ VC/MG;-;MG;BRASIL;
764;1¶ VCCSF/BA;-;BA;BRASIL;
765;1¶ VJPC;-;BA;BRASIL;
766;1¶ VTJCG/MS;-;MS;BRASIL;
767;1¶/2¶ CJM;-;SP;BRASIL;
768;1¶/2¶CJM;-;SP;BRASIL;
769;1¶AUD/1¶CJM/RJ;-;RJ;BRASIL;
770;1¶AUD/2¶CJM;-;RJ;BRASIL;
771;1¶AUD/2¶CJM/SP;-;SP;BRASIL;
772;1¶VCCA;-;SP;BRASIL;
773;1¶VCCEJB/DF;-;DF;BRASIL;
774;1¶VCCN;-;RJ;BRASIL;
775;1¶VCPCA/PA;-;PA;BRASIL;
776;1¶VJL/SP;-;SP;BRASIL;
777;1JECCJG/PE;-;PE;BRASIL;
778;1JEF;-;RJ;BRASIL;
779;1JEF/DF;-;DF;BRASIL;
780;1JEF/GUARULHOS;-;SP;BRASIL;
781;1JEF/MG;-;MG;BRASIL;
782;1JEF/RJ;-;RJ;BRASIL;
783;1JEF/V.REDONDA;-;RJ;BRASIL;
784;1JVDF;-;RJ;BRASIL;
785;1ß DP/MN;-;AM;BRASIL;
786;1ß JEC/RJ;-;RJ;BRASIL;
787;1ß JECC;-;DF;BRASIL;
788;1ß JECRIM;-;RJ;BRASIL;
789;1ß JVD;-;RR;BRASIL;
790;1ß VJCP/SP;-;SP;BRASIL;
791;1ßDPSR/RS;-;RS;BRASIL;
792;1ßJECRIM;-;RN;BRASIL;
793;1ßVF/ANGRA DOS REIS;-;RJ;BRASIL;
794;1ßVF/BLUMENAU;-;SC;BRASIL;
795;1ßVF/CG;-;MS;BRASIL;
796;1ßVF/JEF;-;MG;BRASIL;
797;1ßVF/MAGê;-;RJ;BRASIL;
798;1ßVF/PIRACICABA;-;SP;BRASIL;
799;1ßVF/PORTO ALEGRE;-;RS;BRASIL;
800;1ßVF/RESENDE;-;RJ;BRASIL;
801;1ßVF/RS;-;RS;BRASIL;
802;1TURMA REC;-;RJ;BRASIL;
803;1VC;-;RS;BRASIL;
804;1VC/BQ;-;MG;BRASIL;
805;1VC/CO;-;RS;BRASIL;
806;1VC/MA;-;MA;BRASIL;
807;1VC/SJM;-;RJ;BRASIL;
808;1VCCJG;-;PE;BRASIL;
809;1VCIJ;-;MG;BRASIL;
810;1VF;-;GO;BRASIL;
811;1VF/AM;-;AM;BRASIL;
812;1VF/BA;-;BA;BRASIL;
813;1VF/CE;-;CE;BRASIL;
814;1VF/CORUMBµ;-;MS;BRASIL;
815;1VF/CRICIÈMA;-;SC;BRASIL;
816;1VF/DC;-;RJ;BRASIL;
817;1VF/DF;-;DF;BRASIL;
818;1VF/DIVINOPOLIS;-;MG;BRASIL;
819;1VF/ES;-;ES;BRASIL;
820;1VF/FLORIA;-;SC;BRASIL;
821;1VF/FOZDOIGUAÄU;-;PR;BRASIL;
822;1VF/GO;-;GO;BRASIL;
823;1VF/ITAB;-;RJ;BRASIL;
824;1VF/JFORA;-;MG;BRASIL;
825;1VF/LAGES;-;SC;BRASIL;
826;1VF/MA;-;MA;BRASIL;
827;1VF/MACAê;-;RJ;BRASIL;
828;1VF/MG;-;MG;BRASIL;
829;1VF/MS;-;MS;BRASIL;
830;1VF/MT;-;MT;BRASIL;
831;1VF/NH;-;RS;BRASIL;
832;1VF/NI;-;RJ;BRASIL;
833;1VF/NITEROI;-;RJ;BRASIL;
834;1VF/PB;-;PB;BRASIL;
835;1VF/PE;-;PE;BRASIL;
836;1VF/PELOTAS;-;RS;BRASIL;
837;1VF/RN;-;RN;BRASIL;
838;1VF/RO;-;RO;BRASIL;
839;1VF/RR;-;RR;BRASIL;
840;1VF/RS;-;RS;BRASIL;
841;1VF/SANTARêM;-;PA;BRASIL;
842;1VF/SANTOS;-;SP;BRASIL;
843;1VF/SBC;-;SP;BRASIL;
844;1VF/SC;-;SC;BRASIL;
845;1VF/SJBV;-;SP;BRASIL;
846;1VF/SJMERITI;-;RJ;BRASIL;
847;1VF/SOROCABA;-;SP;BRASIL;
848;1VF/SP;-;SP;BRASIL;
849;1VF/TAUB;-;SP;BRASIL;
850;1VF/TERE;-;RJ;BRASIL;
851;01VFSG;-;RJ;BRASIL;
852;2 AUD/2 CJM;-;SP;BRASIL;
853;2 DEAM;-;CE;BRASIL;
854;2 JEC RF;-;PE;BRASIL;
855;2 JECRIM;-;RJ;BRASIL;
856;2 TURMA REC;-;RJ;BRASIL;
857;2 TURMA REC/RJ;-;RJ;BRASIL;
858;2 VC;-;PE;BRASIL;
859;2 VC BANGU/RJ;-;RJ;BRASIL;
860;2 VC MAD RJ;-;RJ;BRASIL;
861;2 VC MG;-;MG;BRASIL;
862;2 VC NI;-;RJ;BRASIL;
863;2 VC RJ;-;RJ;BRASIL;
864;2 VC SC;-;SC;BRASIL;
865;2 VC SP;-;SP;BRASIL;
866;2 VC/CE;-;CE;BRASIL;
867;2 VC/FRSC;-;RJ;BRASIL;
868;2 VC/MG;-;MG;BRASIL;
869;2 VC/RJ;-;RJ;BRASIL;
870;2 VCCE;-;CE;BRASIL;
871;2 VCDI;-;PA;BRASIL;
872;2 VCJEM;-;MA;BRASIL;
873;2 VF;-;SP;BRASIL;
874;2 VF/AL;-;AL;BRASIL;
875;2 VF/DF;-;DF;BRASIL;
876;2 VF/PE;-;PE;BRASIL;
877;2 VF/RN;-;RN;BRASIL;
878;2 VJ;-;PE;BRASIL;
879;2/1 CJM;-;RJ;BRASIL;
880;2¶ AUD/3¶ CJM;-;PR;BRASIL;
881;2¶ DSDP/CE;-;CE;BRASIL;
882;2¶ PIP/RJ;-;RJ;BRASIL;
883;2¶ VC;-;RS;BRASIL;
884;2¶ VC / DF;-;DF;BRASIL;
885;2¶ VC/DF;-;DF;BRASIL;
886;2¶ VC/MG;-;MG;BRASIL;
887;2¶ VCC-SR;-;RS;BRASIL;
888;2¶ VCCCA;-;PA;BRASIL;
889;2¶ VCCGM/RO;-;RO;BRASIL;
890;2¶ VCCPV-RO;-;RO;BRASIL;
891;2¶ VCCSM;-;RS;BRASIL;
892;2¶ VCFG;-;SP;BRASIL;
893;2¶ VCSG/RJ;-;RJ;BRASIL;
894;2¶ VDFCM/PE;-;PE;BRASIL;
895;2¶ VP/DF;-;DF;BRASIL;
896;2¶/2¶CJM/SP;-;SP;BRASIL;
897;2¶AUD/2¶CJM;-;SP;BRASIL;
898;2¶VC;-;PA;BRASIL;
899;2¶VC/BA;-;BA;BRASIL;
900;2¶VCA/SP;-;SP;BRASIL;
901;2¶VF/PIRACICABA;-;SP;BRASIL;
902;2¶VFPP/MS;-;MS;BRASIL;
903;2¶VJP/SP;-;SP;BRASIL;
904;2JEF;-;RJ;BRASIL;
905;2JEF/CE;-;CE;BRASIL;
906;2JEF/MG;-;MG;BRASIL;
907;2JEF/PR;-;PR;BRASIL;
908;2JEF/RJ;-;RJ;BRASIL;
909;2ß DP/SP;-;SP;BRASIL;
910;2ß DPSBC;-;SP;BRASIL;
911;2ß JEF/RJ;-;RJ;BRASIL;
912;2ß JEVD;-;AM;BRASIL;
913;2ß JEVD/RJ;-;RJ;BRASIL;
914;2ß JIJ/PV;-;RO;BRASIL;
915;2ß JVDFCM/BR;-;DF;BRASIL;
916;2ß VC DF;-;DF;BRASIL;
917;2ß VC FOS;-;DF;BRASIL;
918;2ß VF;-;RN;BRASIL;
919;2OJECRIM/RJ;-;RJ;BRASIL;
920;2ßVF/MS;-;MS;BRASIL;
921;2VC;-;SP;BRASIL;
922;2VC/DF;-;DF;BRASIL;
923;2VC/RF;-;PE;BRASIL;
924;2VCZSN/RN;-;RN;BRASIL;
925;2VF;-;AM;BRASIL;
926;2VF / SP;-;SP;BRASIL;
927;2VF/AM;-;AM;BRASIL;
928;2VF/ARARAQUARA;-;SP;BRASIL;
929;2VF/BA;-;BA;BRASIL;
930;2VF/CANOAS;-;RS;BRASIL;
931;2VF/CE;-;CE;BRASIL;
932;2VF/CRICIÈMA;-;SC;BRASIL;
933;2VF/DF;-;DF;BRASIL;
934;2VF/DUQUE DE CAXIAS;-;RJ;BRASIL;
935;2VF/ES;-;ES;BRASIL;
936;2VF/FLORIA;-;SC;BRASIL;
937;2VF/GO;-;GO;BRASIL;
938;2VF/JFORA;-;MG;BRASIL;
939;2VF/LUZIANIA;-;GO;BRASIL;
940;2VF/MG;-;MG;BRASIL;
941;2VF/MS;-;MS;BRASIL;
942;2VF/MT;-;MT;BRASIL;
943;2VF/NOVA IGUAÄU;-;RJ;BRASIL;
944;2VF/PE;-;PE;BRASIL;
945;2VF/PELOTAS;-;RS;BRASIL;
946;2VF/PET;-;RJ;BRASIL;
947;2VF/PI;-;PI;BRASIL;
948;2VF/PR;-;PR;BRASIL;
949;2VF/RN;-;RN;BRASIL;
950;2VF/RO;-;RO;BRASIL;
951;2VF/RPRETO;-;SP;BRASIL;
952;2VF/RR;-;RR;BRASIL;
953;2VF/RS;-;RS;BRASIL;
954;2VF/SANTOS;-;SP;BRASIL;
955;2VF/SAO CARLOS;-;SP;BRASIL;
956;2VF/SAO GONÄALO;-;RJ;BRASIL;
957;2VF/S«O PEDRO DA ALD;-;RJ;BRASIL;
958;2VF/SC;-;SC;BRASIL;
959;2VF/SE;-;SE;BRASIL;
960;2VF/SG;-;RJ;BRASIL;
961;2VF/SG RJ;-;RJ;BRASIL;
962;2VF/SJC;-;SP;BRASIL;
963;2VF/SJMERITI;-;RJ;BRASIL;
964;2VF/SM;-;RS;BRASIL;
965;2VF/SP;-;SP;BRASIL;
966;2VF/UMUARAMA;-;PR;BRASIL;
967;2VFC;-;RJ;BRASIL;
968;2VP/PA;-;PA;BRASIL;
969;2VVDFCM;-;PA;BRASIL;
970;3 AUD/3 CJM;-;RS;BRASIL;
971;3 JECRIM PE;-;PE;BRASIL;
972;3 V JUDICIAL;-;SP;BRASIL;
973;3 VC;-;PE;BRASIL;
974;3 VC AP;-;AP;BRASIL;
975;3 VC JG;-;PE;BRASIL;
976;3 VC PV;-;RO;BRASIL;
977;3 VC RJ;-;RJ;BRASIL;
978;3 VC RS;-;RS;BRASIL;
979;3 VC TAGDF;-;DF;BRASIL;
980;3 VCAN/GO;-;GO;BRASIL;
981;3 VCCJG;-;PE;BRASIL;
982;3 VCDC/RJ;-;RJ;BRASIL;
983;3 VCFG;-;SP;BRASIL;
984;3 VF / PA;-;PA;BRASIL;
985;3 VF/CE;-;CE;BRASIL;
986;3 VJIJ;-;SP;BRASIL;
987;3 VPBE;-;PA;BRASIL;
988;3¶ DP/DF;-;DF;BRASIL;
989;3¶ DP/SP;-;SP;BRASIL;
990;3¶ VC;-;SP;BRASIL;
991;3¶ VC MS;-;MS;BRASIL;
992;3¶ VC/RS;-;RS;BRASIL;
993;3¶ VC/TJAM;-;AM;BRASIL;
994;3¶ VCC/PE;-;PE;BRASIL;
995;3¶ VFT/VR;-;RJ;BRASIL;
996;3¶ VRCBV;-;RR;BRASIL;
997;3¶ VVDFCM;-;PE;BRASIL;
998;3¶/1¶ CJM;-;RJ;BRASIL;
999;3¶AUD/1¶CJM;-;GO;BRASIL;
1000;3¶AUD/1¶CJM/RJ;-;RJ;BRASIL;
1001;3AUD/3CJM;-;RS;BRASIL;
1002;3¶VCD/PA;-;PA;BRASIL;
1003;3¶VFC/PR;-;PR;BRASIL;
1004;3¶VJP/SP;-;SP;BRASIL;
1005;3¶VJRP/SP;-;SP;BRASIL;
1006;3¶VJVDFM;-;PA;BRASIL;
1007;3JEF/MG;-;MG;BRASIL;
1008;3JEF/RJ;-;RJ;BRASIL;
1009;3ß DIP;-;AM;BRASIL;
1010;3ß JVDFCM-DF;-;DF;BRASIL;
1011;3ßVF/CG;-;MS;BRASIL;
1012;3VCDI;-;PA;BRASIL;
1013;3VCT/BR;-;DF;BRASIL;
1014;3VF;-;RJ;BRASIL;
1015;3VF/AM;-;AM;BRASIL;
1016;3VF/BA;-;BA;BRASIL;
1017;3VF/BLUMENAU;-;SC;BRASIL;
1018;3VF/CE;-;CE;BRASIL;
1019;3VF/CURITIBA;-;PR;BRASIL;
1020;3VF/DC;-;RJ;BRASIL;
1021;3VF/DF;-;DF;BRASIL;
1022;3VF/ES;-;ES;BRASIL;
1023;3VF/FLORIA;-;SC;BRASIL;
1024;3VF/GO;-;GO;BRASIL;
1025;3VF/JFORA;-;MG;BRASIL;
1026;3VF/MA;-;MA;BRASIL;
1027;3VF/MG;-;MG;BRASIL;
1028;3VF/MS;-;MS;BRASIL;
1029;3VF/NITEROI;-;RJ;BRASIL;
1030;3VF/PA;-;PA;BRASIL;
1031;3VF/PB;-;PB;BRASIL;
1032;3VF/PE;-;PE;BRASIL;
1033;3VF/POA;-;RS;BRASIL;
1034;3VF/PR;-;PR;BRASIL;
1035;3VF/RN;-;RN;BRASIL;
1036;3VF/RO;-;RO;BRASIL;
1037;3VF/RR;-;RR;BRASIL;
1038;3VF/RS;-;RS;BRASIL;
1039;3VF/SC;-;SC;BRASIL;
1040;3VF/SG;-;RJ;BRASIL;
1041;3VF/SJMERITI;-;RJ;BRASIL;
1042;3VF/SJRPRETO;-;SP;BRASIL;
1043;3VF/SP;-;SP;BRASIL;
1044;3VF/UBERL∂;-;MG;BRASIL;
1045;3VFF/RN;-;RN;BRASIL;
1046;4 DISE SUL;-;SP;BRASIL;
1047;4 DP PE;-;PE;BRASIL;
1048;4 PRET CRI;-;PA;BRASIL;
1049;4 PRET CRIM;-;PA;BRASIL;
1050;4 VC;-;RS;BRASIL;
1051;4 VC CE;-;CE;BRASIL;
1052;4 VC/RS;-;RS;BRASIL;
1053;4 VCBR;-;DF;BRASIL;
1054;4 VF/CE;-;CE;BRASIL;
1055;4 VF/PR;-;PR;BRASIL;
1056;4¶ DP/DF;-;DF;BRASIL;
1057;4¶ DPDF;-;DF;BRASIL;
1058;4¶ VC/DF;-;DF;BRASIL;
1059;4¶ VC/PA;-;PA;BRASIL;
1060;4¶ VC/SP;-;SP;BRASIL;
1061;4¶ VCCBH;-;MG;BRASIL;
1062;4¶ VFC/RJ;-;RJ;BRASIL;
1063;4¶AUD/1¶CJM;-;RJ;BRASIL;
1064;4¶AUD/1¶CJM/RJ;-;RJ;BRASIL;
1065;4¶CJM;-;MG;BRASIL;
1066;4¶CJM/JF;-;MG;BRASIL;
1067;4¶VC/RR;-;MA;BRASIL;
1068;4¶VCCN;-;RJ;BRASIL;
1069;4¶VCTR;-;RJ;BRASIL;
1070;4¶VF;-;SP;BRASIL;
1071;4JEF/AC;-;AC;BRASIL;
1072;4JEF/RJ;-;RJ;BRASIL;
1073;4ßJECCC;-;RJ;BRASIL;
1074;4ßVF/CG;-;MS;BRASIL;
1075;4ßVF/SANTOS;-;SP;BRASIL;
1076;4VC/SP;-;SP;BRASIL;
1077;4VF;-;GO;BRASIL;
1078;4VF/AL;-;AL;BRASIL;
1079;4VF/AM;-;AM;BRASIL;
1080;4VF/BA;-;BA;BRASIL;
1081;4VF/CANOAS;-;RS;BRASIL;
1082;4VF/CE;-;CE;BRASIL;
1083;4VF/DF;-;DF;BRASIL;
1084;4VF/ES;-;ES;BRASIL;
1085;4VF/FLORIA;-;SC;BRASIL;
1086;4VF/GO;-;GO;BRASIL;
1087;4VF/MS;-;MS;BRASIL;
1088;4VF/NITEROI;-;RJ;BRASIL;
1089;4VF/PA;-;PA;BRASIL;
1090;4VF/PE;-;PE;BRASIL;
1091;4VF/PR;-;PR;BRASIL;
1092;4VF/RJ;-;RJ;BRASIL;
1093;4VF/RN;-;RN;BRASIL;
1094;4VF/RR;-;RR;BRASIL;
1095;4VF/RS;-;RS;BRASIL;
1096;4VF/SC;-;SC;BRASIL;
1097;4VF/SJC;-;SP;BRASIL;
1098;4VF/SJMERITI;-;RJ;BRASIL;
1099;4VF/SP;-;SP;BRASIL;
1100;4VFPE;-;PE;BRASIL;
1101;5 DP;-;RJ;BRASIL;
1102;5 DP RJ;-;RJ;BRASIL;
1103;5 TJ;-;SP;BRASIL;
1104;5 VC;-;RJ;BRASIL;
1105;5 VC BA;-;BA;BRASIL;
1106;5 VC SP;-;SP;BRASIL;
1107;5 VC/RJ;-;RJ;BRASIL;
1108;5 VC/SP;-;SP;BRASIL;
1109;5 VF/DF;-;DF;BRASIL;
1110;5¶ DP;-;PR;BRASIL;
1111;5¶ VC;-;SP;BRASIL;
1112;5¶ VC RN;-;RN;BRASIL;
1113;5¶VC;-;DF;BRASIL;
1114;5¶VF/CUIABµ;-;MT;BRASIL;
1115;5¶VF/PI;-;PI;BRASIL;
1116;5¶VFP-DF;-;DF;BRASIL;
1117;5JEC;-;RJ;BRASIL;
1118;5JEF/RJ;-;RJ;BRASIL;
1119;5ß DP;-;CE;BRASIL;
1120;5ß VCC;-;SC;BRASIL;
1121;5ßJVD/RJ;-;RJ;BRASIL;
1122;5VF/BA;-;BA;BRASIL;
1123;5VF/CE;-;CE;BRASIL;
1124;5VF/DF;-;DF;BRASIL;
1125;5VF/ES;-;ES;BRASIL;
1126;5VF/FLORIA;-;SC;BRASIL;
1127;5VF/GUARUL;-;SP;BRASIL;
1128;5VF/MA;-;MA;BRASIL;
1129;5VF/MG;-;MG;BRASIL;
1130;5VF/PA;-;PA;BRASIL;
1131;5VF/PE;-;PE;BRASIL;
1132;5VF/PR;-;PR;BRASIL;
1133;5VF/RN;-;RN;BRASIL;
1134;5VF/RS;-;RS;BRASIL;
1135;5VF/SC;-;SC;BRASIL;
1136;5VF/SE;-;SE;BRASIL;
1137;5VF/SJMERITI;-;RJ;BRASIL;
1138;5VF/SP;-;SP;BRASIL;
1139;6 VC/TJERR;-;RR;BRASIL;
1140;6¶ VC/SP;-;SP;BRASIL;
1141;6¶ VCCBH;-;MG;BRASIL;
1142;6¶VF/CAMPINAS;-;SP;BRASIL;
1143;6JEF/MS;-;MS;BRASIL;
1144;6ßVF/RJ;-;RJ;BRASIL;
1145;6VF/AM;-;AM;BRASIL;
1146;6VF/BA;-;BA;BRASIL;
1147;6VF/CE;-;CE;BRASIL;
1148;6VF/CEARA;-;CE;BRASIL;
1149;6VF/DF;-;DF;BRASIL;
1150;6VF/FLORIA;-;SC;BRASIL;
1151;6VF/GO;-;GO;BRASIL;
1152;6VF/GUARUL;-;SP;BRASIL;
1153;6VF/MA;-;MA;BRASIL;
1154;6VF/MG;-;MG;BRASIL;
1155;6VF/PE;-;PE;BRASIL;
1156;6VF/PR;-;PR;BRASIL;
1157;6VF/RJ;-;RJ;BRASIL;
1158;6VF/RS;-;RS;BRASIL;
1159;6VF/SC;-;SC;BRASIL;
1160;6VF/SJMERITI;-;RJ;BRASIL;
1161;6VF/SP;-;SP;BRASIL;
1162;6VJEF;-;MT;BRASIL;
1163;7 VC DF;-;DF;BRASIL;
1164;7 VC/RN;-;RN;BRASIL;
1165;7 VF/CE;-;CE;BRASIL;
1166;7/VF;-;DF;BRASIL;
1167;7¶ DTRV;-;BA;BRASIL;
1168;7¶ VCC/PE;-;PE;BRASIL;
1169;7JEF/MA;-;MA;BRASIL;
1170;7VF/AL;-;AL;BRASIL;
1171;7VF/BA;-;BA;BRASIL;
1172;7VF/CANOAS;-;RS;BRASIL;
1173;7VF/CE;-;CE;BRASIL;
1174;7VF/DF;-;DF;BRASIL;
1175;7VF/GO;-;GO;BRASIL;
1176;7VF/MG;-;MG;BRASIL;
1177;7VF/PE;-;PE;BRASIL;
1178;7VF/PR;-;PR;BRASIL;
1179;7VF/RN;-;RN;BRASIL;
1180;7VF/RS;-;RS;BRASIL;
1181;7VF/SP;-;SP;BRASIL;
1182;7VFC/BA;-;BA;BRASIL;
1183;8 VF/DF;-;DF;BRASIL;
1184;8/CJM;-;RR;BRASIL;
1185;8¶ CJM;-;AM;BRASIL;
1186;8¶ VC;-;PR;BRASIL;
1187;8¶CJM;-;PA;BRASIL;
1188;8¶VF/BH;-;MG;BRASIL;
1189;8JEF/PA;-;PA;BRASIL;
1190;8ß DPB/SP;-;SP;BRASIL;
1191;8VC/FZ;-;CE;BRASIL;
1192;8VF/BA;-;BA;BRASIL;
1193;8VF/DF;-;DF;BRASIL;
1194;8VF/FLORIA;-;SC;BRASIL;
1195;8VF/GO;-;GO;BRASIL;
1196;8VF/MG;-;MG;BRASIL;
1197;8VF/MT;-;MT;BRASIL;
1198;8VF/NITER‡I;-;RJ;BRASIL;
1199;8VF/PB;-;PB;BRASIL;
1200;8VF/PE;-;PE;BRASIL;
1201;8VF/POA;-;RS;BRASIL;
1202;8VF/PR;-;PR;BRASIL;
1203;8VF/RS;-;RS;BRASIL;
1204;8VF/SP;-;SP;BRASIL;
1205;8VFC;-;RJ;BRASIL;
1206;9 VCPA;-;PA;BRASIL;
1207;9 VF/DF;-;DF;BRASIL;
1208;9/VF SJAM;-;AM;BRASIL;
1209;9¶VF/PE;-;PE;BRASIL;
1210;9VF/AL;-;AL;BRASIL;
1211;9VF/BA;-;BA;BRASIL;
1212;9VF/DF;-;DF;BRASIL;
1213;9VF/GO;-;GO;BRASIL;
1214;9VF/PE;-;PE;BRASIL;
1215;9VF/RJ;-;RJ;BRASIL;
1216;9VF/SP;-;SP;BRASIL;
1217;10 DP;-;RN;BRASIL;
1218;10 JEC/RJ;-;RJ;BRASIL;
1219;10 JECRIM;-;CE;BRASIL;
1220;10 JECRIM/CE;-;CE;BRASIL;
1221;10 VC;-;AM;BRASIL;
1222;10 VCSP;-;SP;BRASIL;
1223;10¶ VC;-;RN;BRASIL;
1224;10¶ VCB;-;PA;BRASIL;
1225;10¶ VCB/CE;-;CE;BRASIL;
1226;10¶JECRIM;-;MG;BRASIL;
1227;10DP;-;RJ;BRASIL;
1228;10ß VC/RS;-;RS;BRASIL;
1229;10VF/BA;-;BA;BRASIL;
1230;10VF/MG;-;MG;BRASIL;
1231;10VF/RN;-;RN;BRASIL;
1232;10VF/RS;-;RS;BRASIL;
1233;10VF/SP;-;SP;BRASIL;
1234;11 CJM RO;-;RO;BRASIL;
1235;11 CJM/DF;-;DF;BRASIL;
1236;11 VC PE;-;PE;BRASIL;
1237;11/VC/FCCRM/CRT;-;PR;BRASIL;
1238;11¶ CJM;-;GO;BRASIL;
1239;11¶ VC/AM;-;AM;BRASIL;
1240;11¶ VC/RJ;-;RJ;BRASIL;
1241;11VARA JEF;-;PA;BRASIL;
1242;11VF/BA;-;BA;BRASIL;
1243;11VF/CE;-;CE;BRASIL;
1244;11VF/MG;-;MG;BRASIL;
1245;11VF/PR;-;PR;BRASIL;
1246;11VF/RJ;-;RJ;BRASIL;
1247;11VF/RS;-;RS;BRASIL;
1248;11VF/SP;-;SP;BRASIL;
1249;12 VFED;-;BR;BRASIL;
1250;12¶ CJM;-;AM;BRASIL;
1251;12¶ CJM/RO;-;RO;BRASIL;
1252;12¶ DPDF;-;DF;BRASIL;
1253;12¶ DT/SV;-;BA;BRASIL;
1254;12VF/BA;-;BA;BRASIL;
1255;12VF/DF;-;DF;BRASIL;
1256;12VF/MG;-;MG;BRASIL;
1257;12VF/RS;-;RS;BRASIL;
1258;12VF/SP;-;SP;BRASIL;
1259;12VJEF;-;PA;BRASIL;
1260;13 DP;-;SP;BRASIL;
1261;13 DP SP;-;SP;BRASIL;
1262;13 JEC/CE;-;CE;BRASIL;
1263;13 VF/DF;-;DF;BRASIL;
1264;13¶ JECRIM/AM;-;AM;BRASIL;
1265;13¶ VC/FZ;-;CE;BRASIL;
1266;13¶ VJEC/AM;-;AM;BRASIL;
1267;13VF/AL;-;AL;BRASIL;
1268;13VF/BA;-;BA;BRASIL;
1269;13VF/DF;-;DF;BRASIL;
1270;13VF/MA;-;MA;BRASIL;
1271;13VF/MG;-;MG;BRASIL;
1272;13VF/PE;-;PE;BRASIL;
1273;13VF/SP;-;SP;BRASIL;
1274;14 DP;-;AM;BRASIL;
1275;14 VC;-;CE;BRASIL;
1276;14 VF/DF;-;DF;BRASIL;
1277;14 VF/MG;-;MG;BRASIL;
1278;14¶ CDC;-;SP;BRASIL;
1279;14¶ DP/DF;-;DF;BRASIL;
1280;14¶ DPG/DF;-;DF;BRASIL;
1281;14¶ VC/FCCBF;-;SP;BRASIL;
1282;14¶ VF;-;PR;BRASIL;
1283;14VF/BA;-;BA;BRASIL;
1284;14VF/CE;-;CE;BRASIL;
1285;14VF/DF;-;DF;BRASIL;
1286;14VF/MG;-;MG;BRASIL;
1287;14VF/PE;-;PE;BRASIL;
1288;14VF/RS;-;RS;BRASIL;
1289;15 DP;-;PE;BRASIL;
1290;15 DP DF;-;DF;BRASIL;
1291;15 DP PE;-;PE;BRASIL;
1292;15 VF/DF;-;DF;BRASIL;
1293;15¶ VC;-;CE;BRASIL;
1294;15JECRIM/AM;-;AM;BRASIL;
1295;15JEF/BA;-;BA;BRASIL;
1296;15VF/DF;-;DF;BRASIL;
1297;15VF/MG;-;MG;BRASIL;
1298;15VF/PE;-;PE;BRASIL;
1299;15VF/SP;-;SP;BRASIL;
1300;16 DP;-;RJ;BRASIL;
1301;16ß JECRIM;-;RJ;BRASIL;
1302;16VF/BA;-;BA;BRASIL;
1303;16VF/DF;-;DF;BRASIL;
1304;16VF/MG;-;MG;BRASIL;
1305;17 VF/DF;-;DF;BRASIL;
1306;17¶ DP;-;RJ;BRASIL;
1307;17ß JECRIM;-;RJ;BRASIL;
1308;17VF;-;SP;BRASIL;
1309;17VF/DF;-;DF;BRASIL;
1310;17VF/MG;-;MG;BRASIL;
1311;17VF/PE;-;PE;BRASIL;
1312;17VF/SP;-;SP;BRASIL;
1313;18 VC;-;SP;BRASIL;
1314;18¶ DP;-;DF;BRASIL;
1315;18VF/MG;-;MG;BRASIL;
1316;18VF/SP;-;SP;BRASIL;
1317;19¶ SJSP/SP;-;SP;BRASIL;
1318;19¶VF/PE;-;PE;BRASIL;
1319;19ß DP-AM;-;AM;BRASIL;
1320;19VF/MG;-;MG;BRASIL;
1321;19VF/RJ;-;RJ;BRASIL;
1322;19VF/SP;-;SP;BRASIL;
1323;20 VF/DF;-;DF;BRASIL;
1324;20VF/DF;-;DF;BRASIL;
1325;20VF/MG;-;MG;BRASIL;
1326;20VF/SP;-;SP;BRASIL;
1327;21 DP/DF;-;DF;BRASIL;
1328;21 VF/MG;-;MG;BRASIL;
1329;21¶ DP/RJ;-;RJ;BRASIL;
1330;21ß VF/CE;-;CE;BRASIL;
1331;21VF/CE;-;CE;BRASIL;
1332;21VF/DF;-;DF;BRASIL;
1333;21VF/MG;-;MG;BRASIL;
1334;21VF/PE;-;PE;BRASIL;
1335;21VF/SP;-;SP;BRASIL;
1336;22¶VF/RJ;-;RJ;BRASIL;
1337;22VF/DF;-;DF;BRASIL;
1338;22VF/MG;-;MG;BRASIL;
1339;22VF/RJ;-;RJ;BRASIL;
1340;22VF/SP;-;SP;BRASIL;
1341;23 VC;-;RJ;BRASIL;
1342;23¶ CP/DC;-;PE;BRASIL;
1343;23¶ VC/RJ;-;RJ;BRASIL;
1344;23¶JEF/BA;-;BA;BRASIL;
1345;23VF/DF;-;DF;BRASIL;
1346;23VF/SP;-;SP;BRASIL;
1347;23VP/PA;-;PA;BRASIL;
1348;24 DP;-;RJ;BRASIL;
1349;24 DP MG;-;MG;BRASIL;
1350;24 DRSP;-;MG;BRASIL;
1351;24 JEF/DF;-;DF;BRASIL;
1352;24VF/SP;-;SP;BRASIL;
1353;25¶ JECRIM;-;CE;BRASIL;
1354;25¶DP/RJ;-;RJ;BRASIL;
1355;25¶VF/RJ;-;RJ;BRASIL;
1356;25JEF;-;DF;BRASIL;
1357;25VF/SP;-;SP;BRASIL;
1358;26¶VF/POA;-;RS;BRASIL;
1359;26VF/DF;-;DF;BRASIL;
1360;26VF/SP;-;SP;BRASIL;
1361;27VC/RJ;-;RJ;BRASIL;
1362;27VF/DF;-;DF;BRASIL;
1363;28 VC/RJ;-;RJ;BRASIL;
1364;28JEF/MG;-;MG;BRASIL;
1365;29 VF/RJ;-;RJ;BRASIL;
1366;29VF;-;PE;BRASIL;
1367;29VF/RJ;-;RJ;BRASIL;
1368;30 DP;-;CE;BRASIL;
1369;30JEF/MG;-;MG;BRASIL;
1370;30VF/MG;-;MG;BRASIL;
1371;30VF/PE;-;PE;BRASIL;
1372;31 VCRJ;-;RJ;BRASIL;
1373;31¶ DP/RJ;-;RJ;BRASIL;
1374;31JEF/MG;-;MG;BRASIL;
1375;32VF/RJ;-;RJ;BRASIL;
1376;33V/JEF;-;MG;BRASIL;
1377;34 DP;-;RJ;BRASIL;
1378;34 DP RJ;-;RJ;BRASIL;
1379;34 VC;-;RJ;BRASIL;
1380;34ß DP/CE;-;CE;BRASIL;
1381;35 DP;-;RJ;BRASIL;
1382;35¶ VCRJ;-;RJ;BRASIL;
1383;36¶/VCCCTJ/RJ;-;RJ;BRASIL;
1384;37¶DP;-;RJ;BRASIL;
1385;39 DP;-;RJ;BRASIL;
1386;41 DP;-;RJ;BRASIL;
1387;41 VC/RJ;-;RJ;BRASIL;
1388;43¶ VC/RJ;-;RJ;BRASIL;
1389;46¶ CJ/SJ;-;SP;BRASIL;
1390;51 DP;-;RJ;BRASIL;
1391;53 DP MESQUITA;-;RJ;BRASIL;
1392;53ß DPPC/SP;-;SP;BRASIL;
1393;56¶DP;-;RJ;BRASIL;
1394;62¶ DP/RJ;-;RJ;BRASIL;
1395;74¶ DP/RJ;-;RJ;BRASIL;
1396;125DP;-;RJ;BRASIL;
1397;125DP-SPA;-;RJ;BRASIL;
1398;126¶DP/RJ;-;RJ;BRASIL;
1399;ABAM;-;RJ;BRASIL;
1400;ANAC;-;BR;BRASIL;
1401;ASPR FL;-;SC;BRASIL;
1402;AUD 8 CJM;-;MA;BRASIL;
1403;AUD/ 2 CJM;-;RN;BRASIL;
1404;AUD/ 2 CJM.;-;RN;BRASIL;
1405;AUD/4¶CJM;-;DF;BRASIL;
1406;AUD/5¶CJM;-;PR;BRASIL;
1407;AUD/6CJM;-;BA;BRASIL;
1408;AUD/7 CJM MS;-;MS;BRASIL;
1409;AUD/7CJM;-;RN;BRASIL;
1410;AUD/7CJM DF;-;DF;BRASIL;
1411;AUD/7CJM RS;-;RS;BRASIL;
1412;AUD/8 CJM;-;MA;BRASIL;
1413;AUD/9 CJM;-;RN;BRASIL;
1414;AUD/9 CJM MT;-;MT;BRASIL;
1415;AUD/10CJM RJ;-;RJ;BRASIL;
1416;AUD/11CJM;-;DF;BRASIL;
1417;AUD/11CJM BR;-;BR;BRASIL;
1418;AUD/11CJM DF;-;DF;BRASIL;
1419;AUD/12 CJM;-;PA;BRASIL;
1420;AUD/12CJM;-;RR;BRASIL;
1421;BIBLIEX;-;RJ;BRASIL;
1422;BRLIOFF;-;OUTROS;EXTERIOR;
1423;CA-BR;-;OUTROS;EXTERIOR;
1424;CA-RJ;-;OUTROS;EXTERIOR;
1425;CCTAB;-;OUTROS;EXTERIOR;
1426;CDCIBER;-;RJ;BRASIL;
1427;CFSB;-;PA;BRASIL;
1428;CJU/RS;-;SP;BRASIL;
1429;CP/MG;-;MG;BRASIL;
1430;CP/RJ;-;RJ;BRASIL;
1431;CSSA NT;-;OUTROS;EXTERIOR;
1432;CSSA RJ;-;OUTROS;EXTERIOR;
1433;CSSA SP;-;OUTROS;EXTERIOR;
1434;CT/BA;-;BA;BRASIL;
1435;CURSO EXT;-;OUTROS;EXTERIOR;
1436;DCF;-;RR;BRASIL;
1437;DCPV/RO;-;RO;BRASIL;
1438;DEACA;-;MS;BRASIL;
1439;DEAM;-;DF;BRASIL;
1440;DEAM-BV;-;RR;BRASIL;
1441;DEAM/CE;-;CE;BRASIL;
1442;DEAM/RN;-;RN;BRASIL;
1443;DEAM/SP;-;SP;BRASIL;
1444;DEAPTI;-;RJ;BRASIL;
1445;DEAT;-;AM;BRASIL;
1446;DECCM;-;AM;BRASIL;
1447;DECON;-;GO;BRASIL;
1448;DEL./TR∂NS;-;MG;BRASIL;
1449;DIFLAG;-;RO;BRASIL;
1450;DMA/SJP;-;PR;BRASIL;
1451;DP;-;RS;BRASIL;
1452;DPCA;-;DF;BRASIL;
1453;DPCCG;-;RJ;BRASIL;
1454;DPDML/SP;-;SP;BRASIL;
1455;DPF/RJ;-;RJ;BRASIL;
1456;DPFJF;-;MG;BRASIL;
1457;DPFS/PE;-;PE;BRASIL;
1458;DPJF/MG;-;MG;BRASIL;
1459;DPPM;-;RS;BRASIL;
1460;DPSECCIONAL;-;SP;BRASIL;
1461;DRPCV;-;MG;BRASIL;
1462;DTSM;-;RS;BRASIL;
1463;ESEFEX;-;RJ;BRASIL;
1464;ESSLOG;-;RJ;BRASIL;
1465;FHE;-;DF;BRASIL;
1466;I JECRIM;-;RJ;BRASIL;
1467;II;-;RJ;BRASIL;
1468;II JEC/RJ;-;RJ;BRASIL;
1469;II JVD/CG-RJ;-;RJ;BRASIL;
1470;III JECRIM;-;RJ;BRASIL;
1471;ISAE;-;RJ;BRASIL;
1472;IV JECRIM;-;PA;BRASIL;
1473;IV JECRIM/PA;-;PA;BRASIL;
1474;IV VC JF;-;PE;BRASIL;
1475;IV VTJ;-;SP;BRASIL;
1476;JCRIM/AM;-;AM;BRASIL;
1477;JDCSPA;-;RJ;BRASIL;
1478;JE/PE;-;PE;BRASIL;
1479;JEC/SJP-PR;-;PR;BRASIL;
1480;JECRIM;-;RJ;BRASIL;
1481;JECRIM/DF;-;DF;BRASIL;
1482;JECRIM/GUARµ;-;DF;BRASIL;
1483;JECRIM/MACAê;-;RJ;BRASIL;
1484;JECRIM/PR;-;PR;BRASIL;
1485;JECRIM/RJ;-;RJ;BRASIL;
1486;JECRIM/SC;-;SC;BRASIL;
1487;JECRIM/SJC;-;SP;BRASIL;
1488;JEF;-;SP;BRASIL;
1489;JEF ADJ/SJDR;-;MG;BRASIL;
1490;JEF/SAO CARLOS;-;SP;BRASIL;
1491;JEF/SC;-;SC;BRASIL;
1492;JEF/SP;-;SP;BRASIL;
1493;JEFU/MG;-;MG;BRASIL;
1494;JEVD;-;SC;BRASIL;
1495;JF/TUBAR«O;-;SC;BRASIL;
1496;JF4¶RG/CN;-;RS;BRASIL;
1497;JVD;-;RS;BRASIL;
1498;JVDCM;-;RN;BRASIL;
1499;JVDCMPE;-;PE;BRASIL;
1500;JVDFCM;-;DF;BRASIL;
1501;JVDFCM/NT;-;RN;BRASIL;
1502;JVDFCM/RN;-;RN;BRASIL;
1503;JVDFCM/SG;-;RJ;BRASIL;
1504;JVDFCMNI;-;RJ;BRASIL;
1505;JVDFM/RO;-;RO;BRASIL;
1506;OUTRAS;-;OUTROS;EXTERIOR;
1507;PCRR;-;RR;BRASIL;
1508;PF/CE;-;CE;BRASIL;
1509;PJC/MT;-;MT;BRASIL;
1510;PM/BA;-;BA;BRASIL;
1511;SBFA;-;SP;BRASIL;
1512;SPFC/PE;-;PE;BRASIL;
1513;SR/DPF/PR;-;PR;BRASIL;
1514;SSDCPC/PV;-;RO;BRASIL;
1515;STF;-;DF;BRASIL;
1516;STF/DF;-;DF;BRASIL;
1517;STIMULU SENSE;-;BA;BRASIL;
1518;STJ;-;DF;BRASIL;
1519;STJ/DF;-;DF;BRASIL;
1520;STM/BR;-;DF;BRASIL;
1521;SUPC;-;PA;BRASIL;
1522;TFR;-;DF;BRASIL;
1523;TJ BE;-;PA;BRASIL;
1524;TJ-RJ;-;RJ;BRASIL;
1525;TJ/CE;-;CE;BRASIL;
1526;TJ/MG;-;MG;BRASIL;
1527;TJ/PR;-;PR;BRASIL;
1528;TJ/RJ;-;RJ;BRASIL;
1529;TJAM;-;AM;BRASIL;
1530;TJAM/11VC;-;AM;BRASIL;
1531;TJDFTDF;-;DF;BRASIL;
1532;TJMG;-;MG;BRASIL;
1533;TJMS;-;MS;BRASIL;
1534;TJMT;-;MT;BRASIL;
1535;TJRJ;-;RJ;BRASIL;
1536;TJSP;-;SP;BRASIL;
1537;TRF1REGIAO;-;DF;BRASIL;
1538;TRF1REGIAO/AM;-;AM;BRASIL;
1539;TRF4REGIAO/RS;-;RS;BRASIL;
1540;TRF5REGIAO/PE;-;PE;BRASIL;
1541;TRJ;-;RJ;BRASIL;
1542;UNICA/SJDR;-;MG;BRASIL;
1543;UNSC;-;MG;BRASIL;
1544;V JECRIM;-;CE;BRASIL;
1545;V. ÈNICA;-;GO;BRASIL;
1546;VARA UNICA;-;BA;BRASIL;
1547;VC;-;RS;BRASIL;
1548;VC INDEF;-;BR;BRASIL;
1549;VC JARAGUA;-;GO;BRASIL;
1550;VC MADUREIRA;-;RJ;BRASIL;
1551;VC PARNAMIRIM/RN;-;RN;BRASIL;
1552;VCCAP;-;PE;BRASIL;
1553;VCCCA;-;PA;BRASIL;
1554;VCCT;-;AC;BRASIL;
1555;VCIF;-;PR;BRASIL;
1556;VCIJ/BA;-;BA;BRASIL;
1557;VCPC/PA;-;PA;BRASIL;
1558;VCSRR;-;RR;BRASIL;
1559;VCTJ;-;DF;BRASIL;
1560;VCTJAC;-;DF;BRASIL;
1561;VDFCM;-;PE;BRASIL;
1562;VDT/PV;-;RO;BRASIL;
1563;VEC/MG;-;MG;BRASIL;
1564;VEF-DF;-;DF;BRASIL;
1565;VEMEPA;-;RR;BRASIL;
1566;VEPA-PA;-;PA;BRASIL;
1567;VEPAC/RF;-;PE;BRASIL;
1568;VEPEMA;-;RO;BRASIL;
1569;VEVDFCM;-;MA;BRASIL;
1570;VF AMB;-;SC;BRASIL;
1571;VF AMBIENTAL;-;PR;BRASIL;
1572;VF C÷VEL E CRIMINAL;-;AC;BRASIL;
1573;VFC DA SSJ;-;MG;BRASIL;
1574;VFCC DA SSJ;-;BA;BRASIL;
1575;VI JECRIM;-;PA;BRASIL;
1576;VII JEC;-;RJ;BRASIL;
1577;VIP;-;PR;BRASIL;
1578;VPTJ;-;PE;BRASIL;
1579;VPTJ/PE;-;PE;BRASIL;
1580;VRSANTANA;-;SP;BRASIL;
1581;VUAP;-;PA;BRASIL;
1582;VUCBP/RJ;-;RJ;BRASIL;
1583;VUCG;-;RN;BRASIL;
1584;VUCI/CE;-;CE;BRASIL;
1585;VUCQ;-;SP;BRASIL;
1586;VUF/SL;-;MG;BRASIL;
1587;VUGN;-;MT;BRASIL;
1588;VUNICA;-;MT;BRASIL;
1589;VUSMG;-;PA;BRASIL;
1590;VUTCFZ/CE;-;CE;BRASIL;
1591;X JECRIM;-;RJ;BRASIL;
1592;XVI JECRIM;-;RJ;BRASIL;
1593;XVI JERJ;-;RJ;BRASIL;
1594;XVII JECRIM;-;RJ;BRASIL;
1595;XVII JECRIM RJ;-;RJ;BRASIL;
1596;XVIII;-;RJ;BRASIL;
1597;XVIII JECRIM/RJ;-;RJ;BRASIL;
1598;11;-;DF;BRASIL;
